carat,color,clarity,depth,table,x,y,z,price
0.22,E,VS2,65.1,61,3.87,3.78,2.49,337
0.86,E,SI2,55.1,69,6.45,6.33,3.52,2757
0.96,F,SI2,66.3,62,6.27,5.95,4.07,2759
0.7,F,VS2,64.5,57,5.57,5.53,3.58,2762
0.7,F,VS2,65.3,55,5.63,5.58,3.66,2762
0.91,H,SI2,64.4,57,6.11,6.09,3.93,2763
0.91,H,SI2,65.7,60,6.03,5.99,3.95,2763
0.98,H,SI2,67.9,60,6.05,5.97,4.08,2777
0.84,G,SI1,55.1,67,6.39,6.2,3.47,2782
1.01,E,I1,64.5,58,6.29,6.21,4.03,2788
1.05,J,SI2,65.8,59,6.41,6.27,4.18,2789
0.7,G,VVS1,58.8,66,5.81,5.9,3.44,2797
1.01,E,SI2,67.4,60,6.19,6.05,4.13,2797
0.76,G,VS1,59,70,5.89,5.8,3.46,2800
0.9,I,SI1,67.3,59,5.93,5.84,3.96,2804
0.57,E,VVS1,58.7,66,5.34,5.43,3.16,2805
0.74,F,VS2,61.1,68,5.82,5.75,3.53,2805
1,G,I1,66.4,59,6.16,6.09,4.07,2808
1.2,F,I1,64.6,56,6.73,6.66,4.33,2809
1,J,VS2,65.7,59,6.14,6.07,4.01,2811
0.99,I,SI2,68.1,56,6.21,6.06,4.18,2811
0.99,J,SI1,55,61,6.72,6.67,3.68,2812
0.9,J,VS2,65,56,6.08,6.04,3.94,2815
0.95,F,SI2,56,60,6.62,6.53,3.68,2815
0.96,E,SI2,53.1,63,6.73,6.65,3.55,2815
1,H,SI2,65.3,62,6.34,6.12,4.08,2818
0.9,H,SI2,65.8,54,6.05,5.98,3.96,2823
0.91,H,SI2,61.3,67,6.24,6.19,3.81,2825
0.9,G,SI2,65.3,59,6.07,6,3.94,2834
0.82,F,SI1,64.9,58,5.83,5.79,3.77,2838
0.95,G,SI1,66.7,56,6.16,6.03,4.06,2841
1.01,H,SI2,65.4,59,6.3,6.26,4.11,2846
0.75,D,SI2,64.6,57,5.74,5.72,3.7,2848
0.91,J,VS2,64.4,62,6.06,6.03,3.89,2854
0.91,J,VS2,65.4,60,6.04,6,3.94,2854
0.91,H,SI1,65.8,58,6.04,6.01,3.96,2854
0.98,E,SI2,53.3,67,6.82,6.74,3.61,2855
1.02,I,SI1,53,63,6.84,6.77,3.66,2856
1,G,SI2,67.8,61,5.96,5.9,4.02,2856
1,I,SI1,67.9,62,6.19,6.03,4.15,2856
1,H,SI2,66.1,56,6.21,5.97,4.04,2856
0.9,G,SI2,64.5,56,6.06,6,3.89,2858
0.71,D,VS2,56.9,65,5.89,5.84,3.34,2858
0.75,F,VS1,55.8,70,6.09,5.98,3.37,2859
0.62,F,IF,60.1,61,5.53,5.56,3.33,2861
1.01,E,SI2,67.6,57,6.21,6.11,4.18,2862
0.96,F,SI2,68.2,61,6.07,5.88,4.1,2867
1,H,SI1,65.5,62,6.14,6.07,4,2873
0.9,I,SI1,65.7,58,6.03,6,3.95,2873
0.9,I,SI1,65.3,61,5.98,5.94,3.89,2873
0.9,I,SI1,65.8,56,6.01,5.96,3.94,2873
1,H,SI2,67.7,60,6.11,5.98,4.09,2875
1,J,VS1,65.5,55,6.3,6.25,4.11,2875
1,I,SI1,66.3,61,6.08,6.03,4.01,2875
1,H,SI2,69.5,55,6.17,6.1,4.26,2875
0.72,F,VS1,56.9,69,5.93,5.77,3.33,2879
0.88,F,SI1,56.6,65,6.39,6.32,3.6,2882
0.9,H,SI2,65,61,6.01,5.96,3.89,2883
1.03,I,SI2,65.3,55,6.32,6.27,4.11,2884
0.8,E,SI1,56.3,63,6.22,6.14,3.48,2885
0.9,D,SI2,66.9,57,6.02,5.9,3.99,2885
1.19,H,I1,65.1,59,6.62,6.55,4.29,2892
0.71,E,VS2,64.6,59,5.62,5.59,3.62,2902
1,H,SI2,65.2,54,6.3,6.22,4.08,2912
1,I,SI1,66,56,6.31,6.24,4.13,2912
1,H,SI2,67,55,6.25,6.12,4.16,2912
0.9,I,VS2,64.1,66,6.04,5.98,3.85,2921
0.9,E,SI2,65,58,6.08,6.04,3.94,2930
1.17,I,I1,65.4,62,6.68,6.57,4.33,2935
0.75,E,VS2,56,67,6.18,6.08,3.43,2940
1.03,G,SI2,65.7,59,6.3,6.24,4.12,2942
1.01,G,SI2,67.1,59,6.27,6.19,4.18,2942
0.9,I,SI2,66.4,60,5.92,5.86,3.91,2948
1,E,SI2,65.8,58,6.28,6.16,4.09,2948
0.99,J,SI1,58,67,6.57,6.5,3.79,2949
0.98,F,SI2,61.6,66,6.46,6.24,3.92,2958
0.74,G,VVS2,65.2,58,5.7,5.6,3.69,2959
0.7,E,VS1,64.5,57,5.59,5.55,3.59,2964
0.9,F,SI2,65.7,59,6.03,5.99,3.95,2964
0.9,J,VS1,65.4,60,6.02,5.93,3.91,2964
1,G,SI1,65.7,54,6.24,6.16,4.07,2964
1.5,H,I1,65.6,54,7.26,7.09,4.7,2964
0.9,J,VS1,64.6,58,6.12,6.06,3.93,2964
1.13,H,I1,64.8,59,6.52,6.42,4.19,2968
0.91,F,SI1,64.9,57,6.13,6.08,3.96,2971
1,D,SI2,69.3,58,5.96,5.87,4.1,2974
0.9,E,SI2,65.8,59,6.03,5.98,3.95,2982
1.06,J,SI2,61,66,6.54,6.35,3.93,2992
1.01,G,SI1,65.1,57,6.27,6.22,4.07,2993
0.91,F,SI2,65.3,51,6.05,5.98,3.93,2996
1.01,J,VVS2,66,56,6.29,6.22,4.13,2998
0.85,G,VS1,57.7,67,6.26,6.19,3.59,2998
1.02,H,I1,61.5,60,6.4,6.34,3.92,2999
0.73,F,VS1,58.6,66,5.92,5.88,3.46,3002
1.01,D,SI2,64.6,56,6.31,6.24,4.05,3003
1.2,J,I1,64.9,59,6.61,6.54,4.27,3011
1.2,I,I1,62.2,66,6.77,6.7,4.2,3011
1.2,I,I1,66.2,55,6.61,6.51,4.34,3011
1,E,SI2,55.4,62,6.63,6.59,3.66,3011
0.9,H,SI1,65.6,57,6.04,6.01,3.95,3024
1.02,J,SI1,66.8,55,6.25,6.18,4.15,3027
1,G,SI2,64.9,57,6.29,6.2,4.05,3027
0.77,F,VS1,66.8,57,5.66,5.76,3.82,3031
0.92,I,VS2,64.4,58,6.13,6.1,3.94,3033
0.7,F,VS1,64.9,59,5.56,5.59,3.62,3039
0.73,D,VS1,66,54,5.56,5.66,3.7,3047
1.03,G,SI1,66.1,56,6.26,6.2,4.12,3052
1.01,I,SI2,66.1,58,6.21,6.04,4.05,3054
1.01,I,SI2,68.1,59,6.14,6.11,4.17,3054
0.82,H,SI1,64.9,58,5.82,5.77,3.76,3057
0.71,G,VVS1,62.8,57,5.67,5.57,3.53,3062
0.9,F,SI2,65.7,63,6.01,5.96,3.93,3062
0.9,I,VVS2,67,56,5.91,5.83,3.93,3074
0.71,D,VS2,64.7,58,5.61,5.58,3.62,3077
0.91,D,SI2,62.5,66,6.08,6.01,3.78,3079
1,J,VS1,66.6,57,6.07,6.03,4.03,3080
0.9,E,SI2,64.5,55,6.12,6.03,3.92,3084
0.9,E,SI2,65.8,58,6.02,5.98,3.95,3084
1.02,I,SI2,64.5,56,6.28,6.25,4.04,3084
0.9,G,SI2,55.9,62,6.35,6.42,3.57,3104
0.9,G,SI2,64.7,58,5.94,6.03,3.87,3104
0.9,H,SI2,65.6,58,6.05,5.95,3.95,3105
0.92,F,SI1,64.9,58,6.1,6.04,3.94,3117
1.16,H,SI2,68.2,55,6.47,6.37,4.38,3118
1.02,J,SI2,65,59,6.34,6.24,4.08,3119
0.91,E,SI2,64.5,60,6.04,5.96,3.87,3119
1,E,SI2,66.6,59,6.07,6.01,4.02,3136
1,E,SI2,67,53,6.19,6.13,4.13,3136
1,E,SI2,67,53,6.19,6.13,4.13,3136
1,G,SI2,64.6,67,6.25,6.19,4.02,3142
1,G,SI2,68.3,54,6.21,6.12,4.2,3142
0.9,G,SI1,65.4,57,6.04,5.95,3.92,3145
0.9,G,SI1,65.6,56,6.1,6.03,3.98,3145
0.9,G,SI1,65.4,59,6.04,6,3.94,3145
0.9,H,SI1,66.8,55,5.98,5.9,3.97,3145
1,F,SI2,65.5,56,6.3,6.19,4.09,3146
1.03,J,SI2,64.6,62,6.3,6.21,4.06,3149
0.95,J,SI1,58,66,6.5,6.46,3.76,3154
0.9,F,SI1,66,57,6.06,6,3.98,3160
1,H,SI2,63.7,54,6.42,6.27,4.06,3164
0.87,I,VS2,57.3,59,6.29,6.44,3.65,3166
1.01,H,SI2,64.5,54,6.26,6.15,4,3167
1.09,F,SI2,66.3,56,6.47,6.39,4.27,3170
0.84,F,VS2,65,57.2,5.83,5.87,3.81,3172
0.93,G,SI2,66.1,58.1,6,6.04,3.98,3172
1.01,G,SI2,68.5,63,6.08,6,4.14,3173
1,J,SI1,65.3,57,6.33,6.12,4.08,3175
1.5,H,I1,69.3,61,6.99,6.81,4.78,3175
0.91,H,SI1,64.4,60,6.1,6.07,3.92,3180
0.91,H,SI1,64.8,57,6.12,6.07,3.95,3180
0.9,E,SI2,57.5,68,6.37,6.33,3.65,3187
1.01,J,VS2,65.8,55,6.29,6.24,4.12,3190
1,H,SI2,64.4,57,6.35,6.29,4.07,3192
1.01,F,SI1,66.1,60,6.15,6.13,4.06,3197
1,J,SI2,56.3,64,6.58,6.54,3.69,3199
0.71,F,IF,58.7,62,5.87,5.81,3.43,3205
0.9,D,SI2,65.9,59,6,5.95,3.94,3205
0.9,D,SI2,66,58,6,5.97,3.95,3205
0.9,D,SI2,64.7,54,6.1,6.04,3.93,3205
0.9,D,SI2,65.7,60,5.98,5.93,3.91,3205
0.9,D,SI2,64.7,59,6.09,5.99,3.91,3205
0.91,F,SI2,64.9,56,6.08,6.05,3.94,3210
0.96,I,VS2,56.1,60,6.62,6.58,3.7,3215
0.9,H,VS2,65.5,57,6.05,6.01,3.95,3226
1.03,J,SI2,56.2,62,6.73,6.69,3.77,3246
0.9,I,VS2,65.4,60,6.03,5.96,3.93,3246
0.25,D,VS1,61.2,55,4.09,4.11,2.51,563
1,H,SI2,66.5,62,6.19,6.1,4.09,3248
0.9,G,SI1,65.2,59,6.05,6.01,3.93,3250
0.93,I,VS2,64.7,58,6.09,6.06,3.93,3258
1,I,VS2,65.7,58,6.25,6.2,4.09,3265
1,F,SI2,65.1,55,6.26,6.23,4.07,3265
1,F,SI2,65.1,55,6.26,6.23,4.07,3265
0.9,E,VS1,67.6,56,5.94,5.9,4,3276
0.91,H,SI1,65.3,62,6.11,6.01,3.96,3278
1.01,I,SI1,65.5,58,6.28,6.24,4.1,3280
0.9,H,SI1,61.4,61,6.08,6.14,3.75,3282
0.92,F,SI2,65.3,58,6.08,6.04,3.96,3282
0.92,F,SI2,65.1,58,6.12,6.07,3.97,3282
0.94,H,SI1,68.4,53,6.05,5.97,4.11,3285
0.9,I,VVS2,60.9,66,6.1,6.12,3.72,3288
1.02,I,SI2,66.2,57,6.34,6.26,4.17,3290
1.01,E,SI2,64.6,59,6.22,6.18,4.01,3294
0.7,D,VVS2,58.5,62,5.72,5.81,3.37,3296
0.96,G,SI1,69.7,59,6.09,5.9,4.18,3299
1.08,J,SI2,64.9,60,6.46,6.32,4.15,3302
1,D,SI2,64.8,60,6.23,6.18,4.02,3304
1,G,SI1,65.8,55,6.22,6.19,4.08,3304
0.81,G,VVS2,64.8,56.2,5.82,5.98,3.82,3323
0.92,F,SI1,66,57,6.04,5.99,3.97,3323
0.9,F,SI1,65.3,61,6,5.95,3.9,3326
0.9,E,SI1,65,61,6.05,6.02,3.92,3332
0.98,G,SI2,66.6,56,6.12,6.02,4.04,3332
0.99,I,SI1,60.7,66,6.42,6.34,3.87,3337
0.9,E,SI2,64.5,57,6.13,6.09,3.94,3342
1,I,SI2,65.8,58,6.23,6.27,4.11,3348
0.94,H,SI2,66,50.1,6.13,6.17,4.06,3353
0.93,G,SI1,64.4,57,6.14,6.09,3.94,3358
0.9,H,VS2,65.6,55,6.01,5.97,3.93,3375
0.9,D,SI1,66.4,59,5.97,5.92,3.95,3382
0.95,D,SI2,64.4,60,6.06,6.02,3.89,3384
0.9,H,SI1,65.4,56,6.11,6.04,3.97,3387
0.9,I,VS1,65.2,60,6,5.96,3.9,3387
1,F,SI1,68.7,55,6.06,5.88,4.11,3387
1.14,J,SI2,64.4,55,6.56,6.54,4.22,3403
0.92,E,SI1,65.6,57,6.1,6.07,3.99,3407
0.86,G,VS2,66.5,54.1,5.89,5.97,3.94,3418
1,J,VS2,65.3,61,6.33,6.13,4.03,3422
1,J,SI1,64.9,58,6.29,6.23,4.06,3427
0.9,F,SI1,65.1,56,6.08,6.05,3.95,3437
1,F,SI2,65.7,61,6.13,6.11,4.02,3443
1.09,J,VS2,64.6,58,6.48,6.41,4.16,3443
1.01,G,SI2,65.1,58,6.29,6.21,4.07,3461
1,H,SI2,66.1,59,6.18,6.13,4.07,3472
0.9,D,SI2,64.9,57,6.03,5.98,3.9,3473
0.9,D,SI2,64.5,61,6.1,6,3.9,3473
1.01,F,SI2,64.8,55,6.37,6.26,4.1,3477
1.01,H,SI1,64.4,59,6.22,6.17,3.99,3482
0.9,H,VS1,65.9,60,5.99,5.96,3.94,3500
1.52,H,I1,64.9,58,7.18,7.13,4.65,3504
0.9,E,SI1,65.5,59,6.06,6.03,3.96,3508
1,H,SI1,65.5,57,6.26,6.21,4.08,3511
1,H,SI1,65.5,57,6.26,6.21,4.08,3511
1.03,G,SI2,65.7,58,6.32,6.26,4.13,3530
1.03,I,SI2,65.2,56,6.42,6.35,4.16,3530
0.96,E,SI2,65.6,58,6.11,6.15,4.02,3533
0.92,H,SI2,64.5,60,6.06,6.01,3.89,3536
0.9,H,VS2,64.8,58,6.07,6.03,3.92,3538
0.9,H,VS2,64.6,55,6.07,6,3.9,3538
1.01,F,SI2,64.6,59,6.19,6.25,4.2,3540
1,G,SI2,64.7,58,6.24,6.19,4.02,3541
1.07,G,SI2,66.8,57,6.34,6.26,4.21,3545
1.01,H,SI1,66.4,57,6.12,6.08,4.05,3546
1.04,G,SI2,66.1,60,6.32,6.23,4.15,3564
1,E,SI2,65.1,59,6.3,6.23,4.08,3575
0.98,H,SI1,68.6,58,6.18,6.04,4.19,3583
1,I,SI1,64.8,59,6.23,6.14,4.01,3584
0.99,H,VS2,71.6,57,5.94,5.8,4.2,3593
1.01,F,SI2,60.1,66,6.44,6.41,3.86,3597
1.01,I,VS2,68.7,58,6.14,6,4.19,3597
1.01,F,SI2,67.3,62,6.09,6.03,4.08,3597
1.01,F,SI2,66.7,64,6.14,6.05,4.06,3597
0.9,F,SI2,64.6,56,6.01,6.07,3.9,3613
1.05,F,SI2,66,60,6.3,6.22,4.13,3615
1.03,H,SI1,65.1,57,6.43,6.36,4.16,3617
0.98,F,SI1,61.8,66,6.38,6.27,3.91,3622
0.9,G,SI1,64.5,57,6.07,6.03,3.9,3629
1,G,SI1,67.7,57,6,6.15,4.11,3631
1.06,G,SI2,65.3,62,6.33,6.25,4.11,3633
1.02,F,SI2,66.6,58,6.21,6.14,4.11,3633
1,D,SI2,65.2,56,6.27,6.21,4.07,3634
1,G,SI1,43,59,6.32,6.27,3.97,3634
1,H,SI2,65.1,58,6.27,6.15,4.05,3640
0.96,H,VS2,68.8,56,6.11,5.98,4.16,3658
1,F,SI1,66.7,57,6.07,5.99,4.02,3669
1.12,I,SI2,64.6,57,6.5,6.47,4.19,3669
1.01,G,SI1,66.1,56,6.26,6.2,4.12,3671
0.96,E,SI2,57.7,67,6.49,6.46,3.73,3674
1.01,H,VS1,67.1,59,6.16,6.09,4.11,3676
0.96,F,SI2,65.2,58,6.14,6.12,3.99,3688
0.9,D,SI1,64.8,59,6.1,6.03,3.93,3689
0.9,D,SI1,64.5,61,6.05,6.01,3.89,3689
1.23,E,I1,67.4,56,6.76,6.56,4.49,3692
1,E,SI1,66.5,55,6.21,6.19,4.12,3696
1.2,H,SI2,65.6,57,6.73,6.57,4.36,3696
0.9,H,VS2,64.7,58,5.98,6.01,3.88,3697
1,G,SI1,66.1,62,6.1,6.03,4.01,3700
0.9,H,VS2,64.6,54,6.09,6.14,3.95,3725
0.91,D,SI1,64.7,61,6.06,5.99,3.9,3730
0.91,D,SI1,65.2,57,6.08,6.04,3.95,3730
1.11,H,SI2,64.4,58,6.55,6.5,4.2,3730
1.01,H,VS2,65.2,56,6.23,6.19,4.05,3733
1.51,F,I1,67.8,59,7.09,7,4.78,3734
1.51,F,I1,67.5,56,7.17,7.05,4.8,3734
1,F,SI2,65.1,60,6.19,6.1,4,3740
0.9,E,SI1,64.9,56,6.12,6.18,3.99,3743
1.03,D,SI2,66.4,56,6.31,6.19,4.15,3743
1.52,I,I1,67.7,58,7.07,7,4.76,3745
1.03,H,SI2,66.3,57,6.35,6.25,4.18,3749
0.9,F,VS1,65.7,59,5.96,5.92,3.9,3750
0.9,F,VS2,65.7,57,6.03,5.99,3.95,3750
0.93,H,SI1,64.6,58,6.13,6.07,3.94,3750
0.9,D,SI1,65.7,65,6.06,5.94,3.94,3751
1.02,F,SI2,65.5,59,6.27,6.24,4.1,3754
0.86,G,VS1,64.6,58.8,5.95,6.04,3.87,3756
1,E,SI2,64.6,54,6.33,6.27,4.07,3763
1,I,VS1,65.3,55,6.34,6.25,4.11,3763
1,E,SI2,69,56,6.01,5.94,4.12,3763
1.22,G,SI2,64.7,61,6.75,6.68,4.34,3763
1.51,H,I1,65.6,61,7.16,7,4.66,3765
1.03,G,SI2,65.6,58,6.3,6.26,4.12,3765
1,D,SI2,65.6,66,6.1,6.01,3.97,3767
1,J,SI1,64.7,52,6.35,6.3,4.09,3780
1.04,D,SI2,65.8,58,6.32,6.25,4.13,3780
0.9,F,SI2,62.6,58,6.01,6.06,3.78,3787
1.02,G,SI2,65.3,58,6.33,6.22,4.1,3787
1.01,E,SI2,60,60,6.48,6.38,3.86,3801
1.01,I,VS1,64.9,56,6.29,6.2,4.07,3801
1.02,I,SI2,65.5,57,6.19,6.24,4.07,3802
0.9,G,VS1,65.7,58,6.02,5.97,3.94,3806
0.9,D,SI1,60.4,61,6.24,6.22,3.76,3812
0.73,E,VVS2,57.4,59,5.99,5.95,3.43,3813
1.05,D,SI2,65.4,59,6.3,6.24,4.1,3816
1.01,G,SI2,58.7,67,6.52,6.56,3.84,3816
1.01,G,SI2,59.8,66,6.42,6.48,3.86,3816
0.91,H,SI1,64.7,56,6.1,6.07,3.94,3816
1,H,VS2,64.8,55,6.35,6.28,4.09,3819
1,H,SI1,55.2,64,6.69,6.64,3.68,3830
1,G,SI1,68.2,60,6.02,5.94,4.08,3833
1.17,I,SI2,59.2,68,6.91,6.84,4.07,3833
1,G,SI1,68.9,56,6.16,6.11,4.23,3833
0.91,F,VS2,66.8,58,5.95,5.97,3.98,3837
1.01,F,SI2,65.2,57,6.33,6.24,4.1,3837
1.02,E,SI2,65.3,59,6.28,6.22,4.08,3838
0.9,D,SI2,64.6,59,6.04,6.01,3.89,3847
0.91,D,SI1,64.4,60,6.08,6.04,3.9,3855
1.01,G,SI2,64.7,58,6.14,6.23,4,3856
1.08,E,SI2,64.9,60,6.43,6.39,4.16,3861
1.21,H,SI1,69.6,55,6.49,6.42,4.49,3862
1.21,H,SI2,65.6,56,6.69,6.59,4.36,3862
1,F,SI2,65.5,54,6.2,6.16,4.05,3864
1.01,H,SI1,64.5,59,6.27,6.23,4.03,3869
1.01,H,SI1,65.3,61,6.23,6.18,4.05,3869
1.01,D,SI2,64.7,57,6.31,6.27,4.07,3871
0.9,E,VS2,65.2,61,6.01,5.98,3.91,3875
1.03,E,SI2,65.3,59,6.3,6.25,4.1,3876
1.26,H,SI2,64.9,60,6.7,6.62,4.32,3881
1.01,J,VS2,59.6,62,6.54,6.49,3.88,3886
1,E,SI2,56.9,63,6.54,6.49,3.71,3889
1.1,E,SI1,65.5,57,6.45,6.37,4.2,3891
1.03,I,SI1,57.4,61,6.67,6.71,3.84,3892
1.18,D,SI2,57,66,6.96,6.91,3.98,3899
1.01,E,SI2,57.9,57,6.51,6.55,3.78,3916
1,I,SI1,56.4,61,6.58,6.55,3.7,3920
0.51,F,VVS2,65.4,60,4.98,4.9,3.23,3920
0.92,H,VS1,56,60,6.53,6.51,3.65,3924
0.9,F,VS2,64.7,54,6.09,6.03,3.92,3931
0.9,D,VS2,57.5,66,6.3,6.25,3.61,3931
0.9,D,SI1,66.1,55,5.98,5.92,3.93,3945
1,I,VS1,64,49,6.43,6.39,4.1,3951
1,G,SI1,68.3,61,6.02,5.93,4.08,3965
1,G,SI1,65.2,62,6.19,6.08,4.01,3965
1,D,SI2,65,56,6.27,6.23,4.06,3965
1,D,SI2,66.5,59,6.24,6.21,4.14,3965
1.02,H,SI1,64.6,55,6.33,6.28,4.07,3972
1,F,SI2,59.3,66,6.44,6.51,3.84,3975
1.08,J,VS2,65.1,54,6.47,6.44,4.2,3980
1.21,J,SI2,64.6,59,6.74,6.64,4.32,3984
1.25,H,SI2,64.4,58,6.82,6.71,4.36,3990
1.01,E,SI2,56.8,66,6.63,6.58,3.75,3991
1.01,F,SI1,66.8,60,6.21,6.13,4.12,3991
0.9,F,VS2,58.9,67,6.18,6.17,3.64,3992
1.01,G,SI1,64.2,59,6.31,6.28,4.04,4004
1,E,SI2,57.3,62,6.54,6.59,3.76,4032
1,G,VS2,44,53,6.31,6.24,4.12,4032
1,F,SI2,59,67,6.48,6.41,3.8,4036
1.03,H,SI2,67,61,6.25,6.17,4.16,4038
0.74,D,VVS2,65.4,53,5.73,5.71,3.74,4040
1.01,H,VS1,66.1,55,6.28,6.24,4.14,4044
1.02,G,SI1,64.5,56,6.3,6.23,4.04,4044
1.2,G,SI2,65.5,59,6.73,6.53,4.34,4044
1.01,G,SI2,58.3,62,6.46,6.5,3.78,4047
0.94,F,SI1,56.8,67,6.56,6.44,3.69,4053
1.11,J,SI2,64.8,55.1,6.44,6.55,4.21,4056
0.9,E,VS2,65,55,6.11,6.04,3.95,4057
1.24,G,SI2,65.7,57,6.72,6.68,4.4,4058
0.97,F,SI1,56.4,66,6.59,6.54,3.7,4063
1.01,G,VS2,65.7,54,6.32,6.28,4.14,4072
1,E,SI2,64.6,60,6.23,6.18,4.01,4077
1.22,I,SI1,66.2,60,6.61,6.56,4.36,4099
0.31,E,SI1,56.9,66,4.53,4.47,2.56,579
1.01,G,SI1,66.9,56,6.15,6.22,4.14,4102
1.01,E,SI1,65.6,59,6.22,6.18,4.07,4106
0.91,D,VS2,65.7,56,6.1,6.05,3.99,4107
0.91,D,VS2,65.7,58,6.04,5.99,3.95,4107
1.13,H,SI2,64.4,58,6.59,6.51,4.22,4113
0.91,H,VVS1,56.5,67,6.38,6.4,3.61,4115
1.01,E,SI2,55.2,65,6.78,6.67,3.71,4118
1.01,E,SI2,64.7,55,6.37,6.3,4.1,4118
1.01,D,SI1,66.3,55,6.22,6.17,4.11,4118
1.13,J,SI1,64.9,55,6.49,6.56,4.24,4123
0.9,E,VS2,64.5,61,6.07,6.03,3.9,4125
1.01,F,SI2,58.2,61,6.48,6.52,3.78,4127
1.01,H,SI2,64.9,56,6.33,6.25,4.08,4129
1.32,H,I1,65.8,55,6.87,6.83,4.51,4140
1,E,SI1,66.3,62,6.27,6.06,4.09,4140
1.41,H,I1,64.7,58,7.05,7,4.55,4145
1.21,J,SI1,65,59,6.64,6.57,4.29,4147
1.21,J,SI1,65.3,60,6.6,6.51,4.28,4147
1,H,SI1,56.3,63,6.63,6.61,3.73,4150
1.36,J,SI2,67.8,55,6.73,6.66,4.54,4158
1,G,SI1,63.1,59,6.32,6.27,3.97,4163
1,H,VS2,66.8,63,6.19,6.08,4.1,4166
1.51,G,I1,65.6,54,7.28,7.1,4.72,4167
1.13,F,SI2,64.4,56,6.58,6.52,4.22,4176
1.01,E,SI1,64.7,59,6.23,6.11,3.99,4181
0.9,F,VS1,66.2,55,6.11,5.97,4,4183
1.01,H,SI1,64.6,55,6.29,6.25,4.05,4191
0.9,I,VVS1,63.5,57,5.98,6.09,3.83,4194
1.01,D,SI2,65.3,55,6.33,6.19,4.09,4205
1,E,SI1,58.1,63,6.6,6.52,3.81,4213
0.9,E,SI1,59.2,60,6.17,6.22,3.67,4220
1.16,H,SI2,66.3,57,6.56,6.5,4.33,4222
1.02,F,SI1,61.8,50,6.59,6.51,4.05,4227
0.9,F,VS2,64.4,53,6.08,6.04,3.9,4229
0.9,D,SI1,63.8,61,6.07,5.99,3.85,4252
1,E,SI2,65.2,56,6.3,6.12,4.05,4256
0.91,E,SI1,65,62,6.09,6.04,3.94,4256
1.01,H,SI1,65.3,57,6.33,6.23,4.1,4256
1,F,SI1,66.4,57,6.21,6.14,4.1,4256
1.01,I,VS1,64.9,58,6.17,6.22,4.02,4263
1,E,SI2,65.9,62,6.09,6.02,3.99,4265
1.09,I,SI1,56.4,62,6.97,6.9,3.9,4273
1.01,F,SI1,65.9,58,6.16,6.1,4.04,4276
1.01,F,SI1,67.2,60,6.06,6,4.05,4276
1.01,D,SI1,65.9,60,6.32,6.18,4.12,4276
1.29,G,I1,66,58,6.82,6.75,4.48,4277
0.9,D,VS2,57.4,65,6.26,6.29,3.6,4277
0.31,E,VS2,55.9,62,4.6,4.56,2.56,581
0.98,G,SI1,64.4,56,6.33,6.24,4.03,4281
1.05,I,VS1,58.9,66,6.71,6.6,3.92,4281
1.5,J,I1,68.8,57,6.94,6.87,4.75,4284
1,G,SI1,64.4,57,6.32,6.28,4.06,4295
1,G,SI1,66.2,58,6.25,6.15,4.11,4295
1.16,G,SI2,60.1,60,6.9,6.72,4.09,4307
0.9,G,VS2,65.8,61,5.99,5.96,3.93,4309
1,D,SI2,64.5,54,6.34,6.28,4.07,4312
1,H,VVS2,65.3,58,6.25,6.18,4.06,4312
1,H,VVS2,65.1,57,6.27,6.23,4.07,4312
1,G,SI1,64.7,60,6.22,6.18,4.01,4312
1,F,VS2,68.3,58,5.98,5.95,4.08,4312
1.01,F,SI2,65.3,59,6.28,6.24,4.09,4317
1.45,F,I1,64.8,67,7.16,7,4.64,4320
1,F,SI1,67.1,57,6.06,6.1,4.08,4328
1.03,I,VS1,57.6,58,6.67,6.58,3.81,4328
1.5,I,SI2,70.1,58,6.96,6.85,4.84,4328
1.01,H,VVS2,65,55,6.31,6.27,4.09,4355
1.5,I,I1,71.3,58,6.85,6.81,4.87,4368
1.2,I,SI1,66.2,59,6.55,6.47,4.31,4368
1.2,H,SI2,64.8,58,6.61,6.56,4.27,4368
1,H,VS1,65.4,61,6.22,6.17,4.05,4368
1,H,VS1,57.4,68,6.52,6.47,3.73,4368
0.51,F,VVS2,60.7,66,5.21,5.11,3.13,4368
1.24,F,SI2,64.9,60,6.7,6.63,4.32,4375
1.02,D,SI2,65.5,60,6.27,6.24,4.1,4381
1.02,H,SI2,59.6,57,6.65,6.5,3.92,4398
1.04,D,SI2,64.9,56,6.39,6.34,4.13,4398
1.02,D,SI1,70.6,57,6.08,6.01,4.27,4398
0.5,F,I1,69.8,55,4.89,4.8,3.38,584
1.04,F,SI1,66.9,62,6.22,6.15,4.14,4403
1.01,G,SI1,65.3,58,6.14,6.2,4.03,4417
1.35,I,SI2,66.5,57,6.79,6.74,4.5,4423
1.03,G,SI1,64.7,63,6.36,6.31,4.1,4424
1,E,SI1,65.1,61,6.15,6.08,3.98,4435
1,G,VS2,69.8,54,6.03,5.94,4.18,4435
0.91,D,VS2,65.1,63,6.02,6,3.91,4439
1.03,D,SI1,65.5,58,6.18,6.13,4.03,4441
1.02,H,VS1,71.8,56,6.04,5.97,4.31,4455
1,G,VS1,64.9,65,6.31,6.18,4.05,4455
0.3,E,VVS2,66.6,54,4.14,4.18,2.77,586
1.02,H,VS2,64.6,61,6.32,6.24,4.06,4462
1.02,F,SI1,65.1,56,6.29,6.25,4.08,4462
0.91,F,VS2,58,56,6.34,6.41,3.7,4474
1.01,E,SI1,65.1,61,6.27,6.24,4.07,4480
1.01,E,SI1,64.8,58,6.34,6.29,4.09,4480
1,E,VS2,66.4,51,6.31,6.22,4.16,4480
1.01,G,VS2,66.8,56,6.15,6.09,4.09,4480
0.92,E,SI1,66.8,55,6.04,5.99,4.02,4482
1.07,E,SI2,62.2,66,6.57,6.48,4.06,4496
1,E,SI2,65.2,59,6.28,6.27,4.09,4516
1,E,SI2,63,58,6.35,6.26,3.97,4516
1.01,E,VS2,66.6,55,6.27,6.2,4.15,4525
1,G,VVS2,66.9,55,6.2,6.17,4.14,4534
0.9,F,VS2,59.5,67,6.29,6.24,3.73,4536
1.01,D,SI2,64.6,62,6.26,6.21,4.03,4538
0.91,E,VS2,61.8,66,6.11,6.09,3.77,4550
1.26,I,SI2,64.8,57,6.73,6.69,4.35,4551
1.18,I,VS2,62,66,6.75,6.63,4.16,4553
1.07,F,SI1,60.6,66,6.65,6.46,3.97,4554
1.01,F,SI1,65.9,60,6.25,6.17,4.09,4561
1.04,E,SI2,67.5,56,6.28,6.22,4.22,4566
1.45,J,SI2,58.6,68,7.45,7.33,4.34,4570
1,F,SI1,64.8,58,6.26,6.21,4.04,4586
1.01,E,SI2,57.1,59,6.65,6.69,3.81,4600
1.16,G,SI1,65.9,55,6.54,6.51,4.3,4612
1.35,G,SI2,66,58,6.89,6.81,4.52,4627
1,G,VS1,63.1,63,6.38,6.29,4,4630
1.01,F,SI1,65.5,57,6.12,6.22,4.04,4634
1.21,G,SI1,64.5,56,6.69,6.62,4.29,4637
1.01,G,SI1,60.4,62,6.31,6.34,3.82,4646
1.52,H,I1,69.7,55,6.92,6.89,4.81,4648
1.52,H,I1,65.4,62,7.1,7.02,4.62,4648
1,F,VS2,68.4,58,5.97,6.1,4.13,4656
1,F,SI1,65.8,58,6.23,6.15,4.07,4657
1,H,SI1,67.6,59,6.03,5.95,4.05,4665
1,F,SI1,56.5,60,6.62,6.66,3.75,4679
1,F,SI1,56.9,63,6.45,6.52,3.69,4688
1.13,I,VS2,55.9,67,7.05,6.94,3.9,4695
1.33,F,I1,62,56,7.05,7.01,4.36,4698
1,D,SI1,66.3,58,6.15,6.04,4.04,4704
1.5,I,I1,66.1,57,7.12,7.04,4.68,4704
1.5,I,I1,69.7,56,6.94,6.9,4.82,4704
1.5,I,SI2,64.9,61,7.14,7.09,4.62,4704
1,D,SI1,64.9,59,6.2,6.13,4,4704
1,D,SI1,65.9,54,6.24,6.2,4.1,4704
1.22,F,SI2,65,56,6.71,6.8,4.39,4705
0.3,J,VS2,64.8,58,4.24,4.16,2.72,416
1.17,H,SI2,60,66,6.86,6.78,4.09,4717
1.1,D,SI2,64.6,54,6.56,6.49,4.22,4725
1.38,G,SI2,61.2,59,7.19,7.13,4.38,4730
1,F,VS2,66.7,57,6.11,6.04,4.05,4732
1,H,VS1,64.1,60,6.3,6.22,4.01,4732
1.26,D,SI2,64.5,59,6.75,6.71,4.34,4746
1.01,D,SI1,63.5,58,6.35,6.25,4,4751
1.01,H,VS2,64.5,60,6.3,6.25,4.05,4751
1.01,D,SI1,64.6,60,6.12,6.08,3.94,4751
1.01,D,SI1,66.9,54,6.25,6.21,4.17,4751
1.02,H,SI1,65.5,60,6.29,6.22,4.1,4758
0.91,D,VS2,64.5,55,6.24,6.07,3.97,4765
0.91,E,VS1,64.5,58,6.14,6.1,3.95,4770
0.29,D,VS2,64.7,62,4.14,4.11,2.67,592
0.3,F,VS1,61.7,66,4.25,4.31,2.64,593
1.08,E,SI1,53.8,63,6.99,6.81,3.71,4790
1.01,F,VS2,64.8,56,6.3,6.25,4.07,4791
1.01,F,VS2,64.8,56,6.3,6.25,4.07,4791
1.01,F,VS2,66.1,61,6.1,6.04,4.01,4791
0.9,D,SI1,64,63,6.12,6.04,3.89,4796
1,E,SI1,65.8,59,6.07,6.15,4.02,4798
1.02,D,SI1,66.4,60,6.29,6.21,4.15,4798
1,F,SI1,65.4,59,6.27,6.2,4.08,4798
1.29,F,SI2,64.4,57,6.85,6.79,4.39,4824
1,F,VS2,64.7,59,6.22,6.15,4,4829
1,G,VS2,66.1,61,6.08,5.99,3.99,4838
1.2,J,SI1,65.2,58,6.67,6.58,4.32,4838
1.01,E,SI1,65.3,59,6.13,6.19,4.02,4844
1,E,SI1,57.4,61,6.53,6.63,3.78,4844
1.03,D,SI1,64.4,61,6.33,6.25,4.05,4845
0.96,F,SI1,60.7,65,6.43,6.28,3.86,4849
1.64,G,I1,64.5,60,7.44,7.35,4.76,4849
1.01,E,SI1,69.5,55,6,5.94,4.15,4853
0.91,G,VS2,64.9,54,6.04,6.08,3.93,4860
1,H,VS2,64.8,62,6.22,6.13,4,4861
1.01,G,VS1,66.8,61,6.15,6.06,4.08,4864
1.11,E,SI2,64.7,61,6.42,6.39,4.14,4873
1.01,G,VS2,64.9,56,6.27,6.21,4.05,4887
1.01,G,VS2,64.4,58,6.25,6.18,4,4887
1,G,VS1,63.1,68,6.32,6.17,3.94,4892
1.47,H,I1,66.7,59,6.98,6.94,4.64,4898
1.18,F,SI2,55.9,64,7.15,7.01,3.95,4903
1.2,F,SI2,65.1,58,6.62,6.56,4.29,4915
1.2,H,SI2,64.8,60,6.55,6.59,4.26,4916
1.33,E,SI2,65,57,6.93,6.89,4.49,4916
1,F,SI1,62.6,59,6.25,6.3,3.93,4925
1.21,E,SI2,65.6,59,6.62,6.56,4.32,4926
1,G,VVS2,65.5,54,6.3,6.22,4.1,4928
1.02,H,SI1,56.9,58,6.64,6.75,3.81,4935
1.5,H,I1,65.7,58,7.07,7.02,4.63,4939
1.5,H,I1,66.6,54,7.05,7.01,4.68,4939
1.26,G,SI2,53.2,61,7.44,7.36,3.94,4966
1.01,E,VS2,64.8,59,6.34,6.26,4.08,4972
1,F,VS1,67,52,6.12,6.08,4.09,4984
1.5,H,SI2,66,64,7.1,6.97,4.64,5000
1,E,SI1,57.6,57,6.56,6.52,3.77,5027
1.21,F,SI2,65.3,53,6.74,6.68,4.38,5028
1.01,E,SI1,64.7,56,6.34,6.27,4.08,5034
1.5,I,I1,65.1,59,7.12,6.96,4.58,5040
1,F,SI1,61.3,62,6.45,6.37,3.93,5040
1.21,H,VS2,64.5,56,6.7,6.66,4.31,5041
1.01,H,VS1,61.4,66,6.34,6.24,3.87,5062
1.51,I,I1,65.7,61,7.08,7.02,4.63,5074
0.93,D,VS2,56.3,67,6.52,6.45,3.65,5078
1.83,J,I1,70,58,7.34,7.28,5.12,5083
1.09,H,SI1,64.4,60,6.49,6.42,4.16,5085
1.01,F,VS2,65.2,52,6.31,6.29,4.11,5090
1,D,SI1,67.3,57,6.15,6.04,4.1,5096
1.34,G,SI2,64.7,55,7.03,6.97,4.53,5106
1.01,D,SI1,66.2,56,6.05,6.1,4.02,5122
1.01,F,SI1,65,61,6.29,6.23,4.07,5131
1.33,F,SI2,64.5,58,6.97,6.86,4.46,5139
1.01,F,SI1,57.9,57,6.53,6.57,3.79,5144
1.01,D,SI1,64.4,61,6.17,6.13,3.96,5147
1,G,VS2,64.5,58,6.26,6.2,4.02,5161
1.08,H,VVS2,55.9,63,6.9,6.8,3.83,5171
1.11,H,SI1,65.7,61,6.42,6.39,4.21,5178
1.01,E,SI1,56.8,61,6.59,6.62,3.75,5185
1.05,F,SI1,64.6,57,6.39,6.33,4.11,5186
1.19,I,SI1,64.9,58,6.64,6.55,4.28,5198
1.24,H,SI2,65,54,6.76,6.73,4.38,5208
1,E,SI1,57.4,62,6.54,6.59,3.77,5212
1.01,F,VS2,64.5,58,6.28,6.18,4.02,5226
1.72,J,I1,68.5,59,7.31,7.24,4.98,5240
1,H,VS1,64.6,59,6.3,6.26,4.06,5242
1.02,F,SI1,64.8,59,6.33,6.23,4.07,5255
1.5,J,SI2,65.5,60,7.07,7.03,4.62,5268
1.5,H,I1,68.9,56,7,6.9,4.79,5292
1,F,SI1,64.8,59,6.29,6.24,4.06,5292
1.01,G,VS2,68.9,60,6.06,6.02,4.17,5294
0.3,F,SI1,64.6,56,4.27,4.25,2.75,599
1,D,SI1,65.5,60,6.18,6.12,4.03,5331
1.27,H,SI2,65.2,54,6.78,6.71,4.41,5334
1.02,E,VS2,66.6,57,6.09,6.14,4.07,5350
1,E,VS2,65,58,6.21,6.16,4.02,5376
1.01,D,SI1,66,57,6.29,6.22,4.13,5385
1.01,D,SI1,65,57,6.3,6.22,4.07,5385
2.14,J,I1,69.4,57,7.74,7.7,5.36,5405
1.16,H,SI1,65.8,58,6.54,6.46,4.28,5411
2.15,J,I1,65.5,57,8.01,7.95,5.23,5430
0.91,E,VVS2,63.1,55,6.13,6,3.83,5430
1.01,D,SI1,64.7,57,6.33,6.25,4.07,5430
1.2,F,SI2,63.4,60,6.56,6.65,4.19,5445
1,H,VS1,55.8,60,6.66,6.61,3.7,5460
1.5,D,I1,64.7,62,7.19,7.04,4.6,5460
1.01,G,VS2,66.6,55,6.27,6.22,4.16,5475
1,G,VS2,67.6,57,6.2,6.13,4.17,5484
1,G,VS2,63.7,55,6.28,6.21,3.98,5484
1.12,G,VS1,64.8,56,6.48,6.52,4.21,5487
1.3,J,SI1,66,57.1,6.73,6.82,4.45,5488
1.01,F,VS2,65.5,62,6.19,6.23,4.07,5501
1.46,G,SI2,64.6,54,7.11,7.03,4.57,5504
0.39,E,SI1,65.6,60,4.5,4.56,2.97,601
1.35,J,SI1,65.2,56,6.9,7.02,4.54,5524
1.52,G,SI2,64.9,59,7.19,7.15,4.65,5533
1.01,G,VS2,64.5,57,6.26,6.2,4.02,5538
0.9,E,VVS2,58.1,59,6.21,6.26,3.62,5551
1.96,F,I1,66.6,60,7.59,7.56,5.04,5554
2.22,J,I1,66.7,56,8.04,8.02,5.36,5607
1.7,D,I1,64.7,56,7.46,7.37,4.8,5617
1.19,H,SI1,64.4,58,6.69,6.64,4.29,5622
1.03,E,SI1,65.1,58,6.35,6.24,4.1,5624
1.35,H,VS2,64.5,58,6.98,6.93,4.48,5625
1.01,D,SI1,62.6,57,6.14,6.22,3.87,5628
1.04,G,VS1,64.9,58,6.36,6.33,4.12,5633
1.5,H,I1,65.5,58,7.02,6.96,4.58,5645
1.01,G,VS2,67.8,59,6.07,6.02,4.1,5666
2,I,I1,66,60,7.78,7.74,5.1,5667
1.05,G,VS2,65.5,57,6.38,6.34,4.17,5673
1.02,E,SI1,65.7,58,6.23,6.31,4.12,5681
2.01,I,I1,67.4,58,7.71,7.64,5.17,5696
2.01,I,I1,55.9,64,8.48,8.39,4.71,5696
1.46,H,SI2,56.3,60,7.61,7.55,4.27,5723
1,E,VS2,67,54,6.23,6.18,4.16,5729
2.27,J,I1,67.6,55,8.05,8,5.43,5733
1.51,I,I1,65.1,57,7.16,7.12,4.65,5750
1.13,H,SI1,65.3,59,6.52,6.44,4.23,5771
1.01,F,VS2,65.1,59,6.17,6.21,4.03,5784
1.01,D,VS2,59.1,68,6.56,6.44,3.84,5797
1.51,J,SI2,65.1,59,7.13,7.09,4.63,5801
1,F,VS1,65.3,56,6.28,6.25,4.09,5833
1,F,VS2,64.9,56,6.26,6.31,4.08,5840
1.5,J,VS2,64.5,59,7.2,7.07,4.6,5846
1,G,VS1,58.7,67,6.47,6.45,3.79,5853
1.81,J,I1,68,57,7.43,7.39,5.04,5859
1.01,E,VS2,65.3,59,6.15,6.1,4,5882
1,G,VS1,64.4,56,6.31,6.26,4.05,5908
2,H,I1,69.8,54,7.6,7.56,5.29,5914
1.65,J,SI1,61.6,66,7.61,7.47,4.66,5914
1.52,J,SI2,65.8,57,7.18,7.11,4.7,5916
1.51,H,SI2,66.9,57,7.13,7.09,4.75,5919
1.51,F,SI2,65.4,56,7.2,7.08,4.67,5919
1.01,G,VS2,65.1,56,6.2,6.15,4.02,5950
1.82,H,I1,67.3,58,7.5,7.47,5.04,5993
2.03,H,I1,64.4,59,7.91,7.85,5.07,6002
2.03,H,I1,66.6,57,7.81,7.75,5.19,6002
1.5,J,SI1,64.9,58,7.09,7.03,4.58,6006
1.73,H,SI2,65.9,58,7.52,7.45,4.93,6007
1.01,F,VS2,69,61,6.06,5.99,4.16,6041
1.32,I,SI1,64.8,58,6.9,6.83,4.45,6061
1.33,G,SI2,63,62,6.9,6.87,4.34,6078
1.01,D,VS2,65.2,57,6.23,6.19,4.05,6081
1.43,E,SI2,66,57,7.02,7,4.63,6086
1.47,F,SI2,65.9,59,6.99,6.94,4.59,6108
1,F,VS1,64.8,61,6.26,6.21,4.04,6115
1,F,VS1,65,59,6.19,6.14,4.01,6115
1.52,H,SI2,64.9,58,7.16,7.13,4.64,6129
1.96,I,I1,66.8,55,7.62,7.6,5.08,6147
1.51,I,SI2,66,57,7.14,7,4.7,6156
1.01,D,VS2,65.6,61,6.21,6.16,4.06,6176
1.5,I,SI2,68.1,59,7.12,6.84,4.75,6209
1,F,VS2,64.9,52,6.24,6.33,4.08,6210
1.32,E,SI2,65.2,58,6.86,6.79,4.45,6221
1.5,H,SI2,64.6,59,7.2,7.11,4.62,6250
1,E,VS2,57.4,58,6.57,6.64,3.79,6268
1.01,G,VS2,59.1,56,6.55,6.52,3.86,6271
1.01,F,VS2,61.1,60,6.49,6.4,3.94,6271
1.6,F,SI2,65,56,7.35,7.26,4.8,6272
1,E,VS2,57.3,64,6.59,6.46,3.79,6285
2.49,J,I1,66.3,58,8.26,8.18,5.45,6289
1.51,H,SI2,65.4,60,7.06,6.96,4.6,6291
1.51,H,SI2,64.5,59,7.21,7.15,4.63,6291
2.01,G,I1,70.2,57,7.53,7.5,5.27,6315
2.14,H,I1,66.4,56,8,7.92,5.29,6328
1.5,H,SI1,68,59,7.12,6.82,4.76,6340
2.02,G,I1,68,55,7.77,7.72,5.27,6346
2.02,G,I1,65.6,57,7.87,7.8,5.15,6346
1.01,G,VS1,64.6,60,6.34,6.22,4.06,6353
1.01,F,VS1,64.6,60,6.26,6.16,4.01,6366
1.01,D,VS2,65.3,58,6.29,6.24,4.09,6366
1.54,I,SI2,65,56,7.22,7.14,4.67,6375
2.03,G,I1,66.3,56,7.81,7.75,5.16,6377
1.14,G,VS1,57.5,67,0,0,0,6381
1.01,F,VS1,64.5,59,6.27,6.19,4.02,6391
1,F,VS1,65.3,59,6.25,6.21,4.07,6397
1.21,G,SI1,64.6,60,6.69,6.62,4.3,6397
1.49,H,I1,66.9,61,6.93,6.89,4.62,6425
1.45,F,SI2,64.4,58,7.17,7.11,4.59,6455
2.07,G,I1,67.7,56,7.76,7.73,5.25,6503
1.15,G,VS1,64.6,57,6.6,6.5,4.23,6530
2,F,I1,66.1,57,7.84,7.7,5.14,6532
1.5,G,SI2,68.5,66,6.87,6.76,4.67,6552
2.22,H,I1,70.1,55,7.77,7.74,5.44,6564
1.51,D,SI2,66.2,54,7.19,7.08,4.72,6596
2.1,G,I1,67.4,59,7.82,7.76,5.24,6597
2.1,G,I1,64.6,58,8.05,8.01,5.19,6597
1.91,H,SI2,64.6,56,7.76,7.7,4.99,6632
1.01,F,VS1,61.7,61,6.6,6.49,4.04,6651
2.25,H,I1,67.7,58,8.01,7.97,5.41,6653
1.53,J,VS2,64.7,58,7.24,7.22,4.68,6659
1.5,I,SI2,64.8,58,7.05,7.15,4.6,6717
1.43,I,VS1,50.8,60,7.73,7.25,3.93,6727
1.02,G,VVS2,64.6,59,6.31,6.29,4.07,6736
2.03,F,I1,65.6,56,7.89,7.86,5.16,6753
1.01,F,VS1,64.7,54,6.33,6.28,4.08,6759
2,J,I1,66.5,56,7.93,7.8,5.23,6796
1.17,E,VS2,64.5,56,6.75,6.68,4.33,6814
1.51,H,SI2,65.5,56,7.18,7.13,4.69,6816
2.17,G,I1,55.6,62,8.75,8.69,4.8,6817
1.5,H,SI1,65,57,7.1,7.06,4.6,6838
1.5,H,SI1,65,57,7.1,7.06,4.6,6838
2.32,H,I1,70.5,55,7.93,7.9,5.58,6860
1.02,F,VVS2,64.8,58,6.22,6.28,4.05,6863
2.72,J,I1,68.2,56,8.46,8.43,5.76,6870
1.83,H,I1,68,57,7.47,7.44,5.07,6887
1.52,I,SI2,64.7,58,7.19,7.22,4.66,6905
1.5,E,SI2,64.8,55,7.26,7.15,4.67,6922
1.51,J,SI1,63.4,60,7.31,7.18,4.59,6976
2.11,F,I1,67.6,57,7.88,7.83,5.31,7019
1.5,F,SI2,64.7,59,7.13,7.05,4.59,7056
1.5,F,SI2,65.3,57,7.15,7.09,4.65,7056
2.25,G,I1,64.9,58,8.15,8.12,5.28,7069
1.08,G,VS1,64.7,60,6.44,6.41,4.16,7076
1.59,I,SI2,65.2,58,7.28,7.24,4.73,7080
1,D,VS1,55.9,60,6.77,6.71,4.38,7083
1.16,F,VS1,57.8,67,6.97,6.84,3.99,7094
1.5,H,SI2,59.3,58,7.31,7.37,4.35,7098
2.27,G,I1,68.6,56,7.99,7.94,5.47,7131
0.5,F,I1,71,57,4.87,4.79,3.43,613
0.5,F,I1,68.4,54,4.94,4.82,3.35,613
1.51,J,VS1,65.2,56,7.16,7.11,4.65,7139
1.35,I,VS2,61.6,62,7.15,7.1,4.39,7182
1.52,J,VS1,65.4,58,7.22,7.17,4.7,7186
1.5,H,SI2,65.5,53,7.14,7.11,4.67,7187
1.51,H,VS2,65.6,56,7.08,4.7,4,7188
1.5,H,SI1,65.9,56,7.11,7.04,4.66,7211
1.42,G,VS2,59.6,66,7.31,7.23,4.33,7214
2.31,G,I1,67.4,56,8.05,7.99,5.41,7257
2,F,I1,64.9,57,7.99,7.82,5.14,7258
1.05,G,VS1,65.6,58,6.25,6.38,4.13,7283
1.24,D,SI1,55.6,67,7.27,7.11,4,7291
2.01,F,I1,58.7,66,8.3,8.19,4.84,7294
1.5,G,SI1,56.1,62,7.6,7.52,4.24,7300
1.52,I,VVS2,64.9,56,7.28,7.21,4.7,7303
1.58,H,SI1,64.7,58,7.28,7.22,4.69,7333
1.13,F,VS1,64.5,55,6.62,6.56,4.25,7335
1.44,H,VS1,58.1,69,7.49,7.34,4.32,7338
1.52,H,SI2,64.9,58,7.23,7.19,4.68,7388
1.52,H,SI2,65,57,7.12,7.09,4.62,7388
1,E,VS1,64.4,55,6.33,6.3,4.07,7392
1.52,H,SI1,64.6,55,7.24,7.19,4.66,7433
1.5,E,SI2,65.8,57,7.17,7.11,4.7,7459
1.51,E,SI1,67.2,53,7.15,7.1,4.79,7468
1.5,D,SI2,68.8,57,6.9,6.86,4.73,7469
0.31,F,SI1,64.7,56,4.28,4.25,2.76,618
1.5,H,VVS2,65.8,57,7.19,7.15,4.72,7476
1.51,H,SI1,55.8,61,7.72,7.63,4.28,7509
1.51,H,VS2,64.9,53,7.28,7.24,4.71,7534
1,E,VVS2,56.8,58,6.59,6.64,3.76,7553
1.5,E,SI2,69.6,62,6.88,6.79,4.76,7560
1.5,F,SI2,65.4,58,7.17,7.1,4.67,7644
1.12,D,VS2,58.9,59,6.84,6.77,4.01,7696
1.52,D,SI2,56.3,61,7.7,7.62,4.31,7702
1.54,I,SI2,64.6,56,7.3,7.26,4.7,7727
1.52,I,SI1,64.6,58,7.24,7.21,4.68,7746
1.5,J,VS1,60.1,61,7.25,7.3,4.37,7819
1.5,H,SI1,66.1,57,7.06,6.98,4.64,7832
1.54,F,SI2,64.4,60,7.26,7.16,4.64,7848
2.5,G,I1,64.7,57,8.48,8.44,5.47,7854
1.5,I,SI1,56.7,63,7.52,7.57,4.28,7912
1,E,VVS2,65.4,56,6.28,6.2,4.08,7918
1.43,E,SI1,65.1,56,7.1,7.03,4.61,7928
2.2,I,I1,66.3,56,8.05,8,5.32,7934
1.56,G,SI2,64.8,59,7.38,7.19,4.72,7950
1.56,I,SI1,64.6,62,7.26,7.23,4.68,7950
1.02,F,VVS1,64.6,59,6.31,6.26,4.06,7960
1.5,G,SI2,64.7,55,7.16,7.13,4.62,7972
1.52,H,SI1,65.3,58,7.14,7.1,4.65,8001
1.51,H,SI1,66.5,56,7.03,6.99,4.66,8010
2,I,SI2,66.8,55,7.75,7.71,5.16,8037
1.5,H,VS1,64.8,55,7.25,7.2,4.68,8044
3,H,I1,67.1,57,8.93,8.84,5.97,8044
2,H,I1,66.8,57,7.81,7.72,5.19,8064
1.57,H,VS1,67.3,66,7.85,5.75,3.87,8133
1.5,E,SI2,59.9,68,7.39,7.3,4.4,8190
1.4,F,VS2,66.5,56,6.83,6.76,4.52,8216
1.51,H,SI1,65.8,62,7.1,7.06,4.66,8260
1.72,D,SI2,64.6,58,7.53,7.46,4.84,8264
1.51,F,SI2,61.8,66,7.18,7.16,4.43,8287
1.51,I,VS2,64.6,58,7.19,7.15,4.63,8287
1.51,I,SI1,68.3,57,6.95,6.87,4.72,8355
1.81,J,SI1,56.2,62,8.14,8.09,4.56,8362
1.51,F,SI1,65.8,56,7.16,7.12,4.7,8387
1.01,E,VVS1,66.1,55,6.19,6.1,4.06,8529
1.9,H,SI2,67.1,64,7.57,7.52,5.06,8576
1.5,G,SI1,65.5,58,7.16,7.12,4.68,8627
1.6,D,SI2,64.7,58,7.35,7.28,4.73,8666
1.52,H,VS2,62.1,66,7.33,7.13,4.5,8674
1.51,G,SI1,65,59,6.99,7.07,4.57,8681
2.5,G,I1,65.1,59,8.55,8.39,5.53,8711
1.71,F,SI2,64.9,57,7.51,7.41,4.84,8714
1.01,D,VVS2,65.4,57,6.2,6.16,4.04,8716
2,I,SI2,69.1,56,7.84,7.7,5.37,8736
1.49,F,SI1,59.6,63,7.2,7.34,4.33,8779
1.51,G,VS2,56,65,7.68,7.57,4.27,8794
1.51,G,SI2,65.5,55,7.14,7.08,4.66,8794
1.71,I,SI2,65.1,60,7.5,7.46,4.87,8800
2.74,J,I1,64.9,61,8.76,8.66,5.65,8807
1.52,H,SI1,61.2,60,7.39,7.29,4.49,8818
1.51,E,SI1,65.3,62,7.16,7.09,4.65,8869
1.51,I,VS2,64.8,60,7.18,7.1,4.63,8879
1.52,F,SI2,56.3,64,7.68,7.62,4.31,8938
1.64,E,SI2,63.1,60,7.58,7.5,4.75,8954
1.53,I,VS2,57.7,69,7.6,7.51,4.36,8996
1.55,H,SI2,64.6,58,7.28,7.21,4.68,9045
2.02,J,SI2,67.5,59,7.76,7.65,5.2,9095
1.51,I,VS2,58.8,62,7.57,7.51,4.43,9116
1.51,D,SI1,64.1,60,7.18,7.11,4.58,9293
1.76,J,VS1,56.9,66,8.09,7.94,4.56,9314
1.51,H,SI1,65.4,59,7.17,7.11,4.67,9386
1.51,H,VS2,65,64,7.1,7.03,4.59,9452
2,H,SI2,68.7,55,7.9,7.67,5.35,9549
1.51,D,SI2,64.7,57,7.17,7.24,4.66,9555
2,I,SI2,65,57,8.01,7.96,5.19,9610
1.51,H,VS2,57.4,61,7.49,7.63,4.34,9678
1.7,H,SI2,64.5,55,7.58,7.52,4.87,9682
1.52,D,SI1,64.6,64,7.18,7.16,4.63,9704
0.5,F,I1,67.1,57,4.92,4.87,3.28,627
0.5,F,I1,68.3,58,4.91,4.78,3.32,627
2.04,I,SI2,66.6,56,7.8,7.77,5.19,9802
3.11,J,I1,65.9,57,9.15,9.02,5.98,9823
2.02,J,SI2,64.6,55,7.93,7.84,5.09,9853
1.7,F,SI2,64.5,57,7.55,7.51,4.86,9996
1.01,D,SI2,64.6,58,6.25,6.2,4.02,10011
2.52,G,I1,66.9,57,8.39,8.33,5.6,10076
1.5,E,SI2,66.3,60,7.09,7.02,4.68,10080
2.01,H,SI2,64.9,56,7.88,7.81,5.09,10184
2.01,H,SI2,64.9,56,7.88,7.81,5.09,10184
1.5,H,VS2,65.2,58,7.12,7.06,4.62,10206
1.55,F,SI1,59.7,66,7.59,7.47,4.49,10217
1.5,G,SI1,64.5,57,7.15,7.09,4.59,10352
1.5,D,SI1,65.1,59,7.1,7.01,4.59,10374
0.31,G,VVS2,65.5,58,4.25,4.24,2.78,629
1.5,F,SI1,64.3,58,7.04,7.09,4.54,10450
2,I,SI2,65.2,59,7.74,7.69,5.03,10483
2,I,SI2,67.7,57,7.88,7.64,5.26,10483
1.51,G,VS2,58.1,67,7.59,7.49,4.38,10553
1,D,VVS2,61.1,57,6.37,6.3,3.87,10562
3.02,I,I1,65.2,56,9.11,9.02,5.91,10577
1.52,G,VS2,55.2,66,7.72,7.67,4.26,10623
1.5,G,VS2,66.2,53,7.12,7.08,4.7,10644
2.01,I,SI2,66.5,61,7.81,7.75,5.17,10671
2.01,I,SI2,66.9,58,7.93,7.69,5.21,10711
0.3,E,SI1,64.5,49,4.28,4.25,2.75,630
1,D,VVS1,56.7,68,6.66,6.64,3.77,10752
2,H,SI2,65.3,55,7.88,7.79,5.12,10752
3.01,H,I1,56.1,62,9.54,9.38,5.31,10761
2.01,H,SI2,65.3,56,7.95,7.86,5.16,10772
2.01,H,SI2,66.7,56,7.8,7.76,5.19,10772
2,I,SI2,65.9,57,7.96,7.79,5.19,10833
2.01,G,SI2,65.9,57,7.85,7.78,5.15,10887
2.01,G,SI2,65.9,57,7.85,7.78,5.15,10887
2,H,SI2,67.9,55,7.67,7.58,5.18,10913
1.54,F,SI1,65.8,56,7.22,7.18,4.74,10954
1.5,H,VS1,61.7,60,7.37,7.27,4.52,11007
0.3,E,VS2,66.7,59,4.23,4.05,2.78,630
1.51,E,SI1,58.4,70,7.55,7.39,4.36,11102
1.5,E,SI1,58.2,66,7.45,7.4,4.32,11128
1.5,F,SI1,64.6,60,7.18,7.1,4.61,11154
2,G,SI2,65.1,54,7.88,7.82,5.11,11156
2.01,E,SI2,65.5,56,7.84,7.79,5.12,11156
2,J,SI1,66.4,55,7.82,7.67,5.15,11189
2,H,SI2,55.3,65,8.42,8.35,4.64,11202
2.01,J,SI1,64.4,61,7.74,7.78,5,11212
1.51,H,VS1,58,67,7.63,7.57,4.41,11263
2,I,VS1,58.5,68,8.26,8.15,4.8,11322
2,G,SI2,65.1,57,7.84,7.78,5.09,11355
1.5,E,SI1,56.2,58,7.71,7.6,4.3,11489
2,H,SI2,65.2,55,7.9,7.85,5.13,11600
2,H,SI2,64.5,56,7.93,7.86,5.09,11655
3.65,H,I1,67.1,53,9.53,9.48,6.38,11668
1.51,G,VS1,64.9,55,7.25,7.14,4.67,11739
2.1,G,SI2,65,56,8.09,7.98,5.21,11923
2,G,SI1,65.5,58,7.82,7.73,5.09,11935
2.1,G,SI2,61.4,66,8.26,8.19,5.05,11946
2,J,VS2,65.4,58,7.96,7.75,5.14,11966
1.91,I,VS1,59.5,68,8.1,7.91,4.78,12244
2.01,G,SI2,56.2,63,8.28,8.23,4.64,12450
2.04,E,SI2,67.4,56,7.8,7.76,5.24,12454
2.58,F,SI2,65.2,59,8.58,8.51,5.57,12500
2.22,G,SI2,64.4,58,8.32,8.15,5.3,12508
2,H,SI2,65.9,58,7.84,7.8,5.15,12554
1.54,E,SI1,64.7,56,7.28,7.22,4.69,12581
2.02,I,SI2,64.5,60,7.94,7.82,5.08,12592
1.5,D,VS2,65.4,53,7.12,7.1,4.65,12606
2,F,SI2,59.8,68,8.13,7.95,4.81,12610
2.01,H,SI2,65.9,57,7.8,7.74,5.12,12617
0.32,F,SI1,64.4,54,4.36,4.33,2.8,638
2.11,G,SI2,65,56,8.06,8.01,5.22,12633
1.32,F,VVS1,58,66,7.31,7.28,4.23,12648
2,H,VS2,65.2,56,7.92,7.87,5.15,12765
1.5,G,VS2,64.4,56,7.16,7.09,4.59,12787
2.04,E,SI2,65.4,55,7.87,7.93,5.17,12799
2.29,J,SI1,56.8,66,8.79,8.69,4.96,12811
1.51,E,VS2,65,58,7.06,7.12,4.61,12829
2,I,VS1,66.3,54,7.98,7.88,5.26,12907
1.98,H,VS1,58.3,69,8.28,8.17,4.8,12923
1.51,G,VS1,60.8,66,7.35,7.25,4.44,12948
2.1,G,SI2,65.2,56,7.97,7.93,5.19,13007
2.07,D,SI2,64.5,60,7.99,7.88,5.12,13016
2.5,H,SI2,64.9,58,8.46,8.43,5.48,13278
2.5,H,SI2,64.9,58,8.46,8.43,5.48,13278
2.13,H,SI2,64.5,58,8.09,8.01,5.19,13370
2.01,F,SI1,58.6,95,8.32,8.31,4.87,13387
2.02,J,VS1,64.6,59,7.95,7.9,5.12,13399
2,H,SI1,65.1,59,7.83,7.77,5.08,13442
2.02,H,SI1,66.3,57,7.71,7.79,5.14,13502
1.5,G,VVS2,64.8,56,7.18,7.12,4.63,13553
0.3,E,VS1,56.3,62,4.47,4.49,2.52,640
2.01,H,SI2,65.8,63,7.77,7.68,5.08,13587
2.01,H,SI2,61.2,66,8.21,8.09,4.98,13587
1.72,F,SI1,64.8,58,7.5,7.46,4.85,13622
2.29,J,VS2,57,66,8.8,8.6,4.98,13701
2.01,G,SI2,65,60,7.8,7.73,5.05,13721
2.01,J,VS2,64.9,60,7.82,7.78,5.06,13744
2,I,SI1,65.9,60,7.8,7.73,5.12,13764
2,H,SI1,61.2,50,8.17,8.08,4.97,13764
2.14,F,SI2,64.8,60,8.11,8,5.22,13825
2.52,H,SI2,65.4,59,8.49,8.42,5.53,13846
1.5,F,VS2,65.3,57,7.15,7.12,4.66,13853
2.02,H,SI2,56.5,61,8.33,8.37,4.72,14080
2.5,G,SI2,67,57,8.36,8.29,5.58,14194
2,H,VS1,66,56,7.79,7.72,5.12,14199
2,G,SI2,66.5,56,7.75,7.7,5.14,14208
2.01,J,VS1,66.6,54,7.76,7.92,5.22,14402
2,H,SI1,65.1,56,7.86,7.77,5.09,14430
0.4,D,SI1,65.1,55,4.63,4.68,3.03,644
2.03,H,SI1,65.4,58,7.91,7.88,5.16,14646
2.5,J,SI2,66.9,58,8.36,8.22,5.55,14652
2.03,G,SI2,64.9,59,7.85,7.99,5.14,14687
2.06,J,VS1,64.6,58,7.91,8.04,5.15,14750
2.01,G,SI2,63.8,59,7.77,7.87,4.99,14799
1.7,G,VS2,64.5,58,7.51,7.43,4.82,14860
2.01,E,SI2,62.1,66,7.99,7.92,4.94,14948
2.43,G,SI2,64.5,57,8.41,8.36,5.41,14975
2.48,I,SI2,56.7,66,8.88,8.64,4.99,15030
1.51,D,VS2,66,57,7.17,7.08,4.7,15152
2.11,I,SI1,67.2,60,7.86,7.8,5.26,15282
2,E,SI1,65.7,60,7.7,7.8,5.09,15330
2,F,SI2,70.2,57,7.63,7.59,5.34,15351
2,E,SI2,59.9,61,8.16,8.04,4.86,15540
2,D,SI1,64.8,58,7.98,7.89,5.14,15540
2.01,G,SI2,65.6,56,7.89,7.84,6.16,15562
1.5,E,VS1,65.4,57,7.14,7.07,4.65,15584
2.01,D,SI2,59.4,66,8.2,8.17,4.86,15627
2.02,H,SI1,56.2,61,8.8,8.33,4.81,15695
2.01,I,VS2,66.3,57,7.79,7.74,5.15,15729
2,H,SI1,65.6,58,7.92,7.76,5.15,15762
2.52,J,SI2,65.1,56,8.51,8.43,5.51,15776
2.4,J,SI2,65.4,56,8.35,8.29,5.44,15824
2.1,F,SI2,64.7,61,7.97,7.92,5.14,15827
2.01,H,VS2,66.1,53,7.82,7.92,5.2,15888
3.4,D,I1,66.8,52,9.42,9.34,6.27,15964
2.01,D,SI2,66.9,57,7.87,7.76,5.23,16086
2.03,F,SI1,65.4,58,7.9,7.84,5.15,16280
1.5,F,VVS2,64.7,53,7.22,7.15,4.65,16364
2.02,D,SI1,65,55,7.94,7.84,5.13,16386
2.1,F,SI2,59.5,69,8.35,8.25,4.94,16506
3,I,SI2,64.8,59,8.93,8.73,5.72,16970
2.6,G,SI2,64.6,57,8.6,8.55,5.54,17027
2.53,H,SI2,64.6,59,8.54,8.45,5.4,17103
4.13,H,I1,64.8,61,10,9.85,6.43,17329
2.5,F,SI2,65.8,58,8.38,8.31,5.49,17405
2.05,I,VS1,67.7,58,7.74,7.68,5.22,17408
1.99,H,VS2,60.5,63,8.2,8.11,4.93,17713
2.01,G,VS2,67.5,55,7.7,7.79,5.23,17917
1.93,F,VS1,58.9,62,8.17,7.97,4.75,17995
5.01,J,I1,65.5,59,10.74,10.54,6.98,18018
2.32,H,SI1,62,62,8.47,8.31,5.2,18026
3.01,I,SI2,65.8,56,8.99,8.94,5.9,18242
3.01,I,SI2,65.8,56,8.99,8.94,5.9,18242
2.51,H,SI2,64.7,57,8.44,8.5,5.48,18308
2,G,VS2,67.6,58,7.65,7.61,5.16,18515
4.5,J,I1,65.8,58,10.23,10.16,6.72,18531
2.02,H,VS2,64.5,57,8,7.95,5.14,18565
2.01,G,SI1,70.6,64,7.43,6.64,4.69,18574
0.41,H,SI1,65.4,61,4.51,4.63,2.99,659
0.3,F,VS2,64.5,55,4.31,4.19,2.74,662
0.25,E,VS1,55.2,64,4.21,4.23,2.33,361
0.3,G,VS1,64.4,61,4.2,4.16,2.69,673
0.42,D,SI1,64.7,61,4.7,4.73,3.05,675
0.33,F,VVS2,65.7,54,4.37,4.3,2.85,693
0.31,G,VS1,64.6,55,4.31,4.26,2.77,695
0.5,G,I1,64.6,60,5.04,4.96,3.23,701
0.4,H,VS2,65.1,59,4.58,4.63,3,704
0.5,F,I1,63.8,58,5.08,4.97,3.21,713
0.47,F,SI2,67.6,57,4.81,4.72,3.23,719
0.4,G,VS2,64.6,55,4.62,4.64,2.99,722
0.5,G,I1,64.9,57,5.01,4.97,3.24,727
0.5,G,I1,65.2,56,4.95,4.89,3.21,727
0.3,F,VS2,56.3,64,4.44,4.39,2.5,729
0.41,I,VS1,65.3,58,4.62,4.66,3.03,735
0.35,E,VVS2,66.2,61,4.4,4.36,2.9,738
0.35,E,VVS2,66.2,58,4.41,4.35,2.9,738
0.31,F,VVS1,63.1,61,4.32,4.37,2.74,740
0.3,F,VVS2,65.5,61,4.19,4.15,2.73,743
0.45,G,SI1,68.6,57,4.73,4.5,3.19,756
0.31,F,VVS2,56.9,59,4.45,4.48,2.54,757
0.23,G,VVS2,61.4,66,3.87,3.91,2.39,369
0.27,E,VS1,66.4,58,3.99,4.02,2.66,371
0.3,D,VVS2,65.2,59,4.2,4.18,2.73,772
0.3,F,VS2,65.4,55,4.25,4.22,2.77,776
0.3,G,VVS1,58.6,66,4.36,4.41,2.57,790
0.45,F,SI1,66.8,59,4.79,4.63,3.16,794
0.45,F,SI1,57.9,66,5.08,4.98,2.91,794
0.4,G,VS1,57.1,64,4.88,4.9,2.79,798
0.3,E,VS1,64.5,56,4.26,4.2,2.73,799
0.36,F,VS1,55.3,67,4.79,4.72,2.63,810
0.4,E,VS2,64.7,58,4.63,4.67,3.01,813
0.31,E,VS2,54.2,63,4.61,4.51,2.47,814
0.34,F,VS2,64.7,55,4.52,4.41,2.89,816
0.41,E,SI2,64.7,55,4.7,4.67,3.03,818
0.3,G,VVS2,64.4,58,4.21,4.17,2.7,819
0.5,F,I1,57.5,66,5.3,5.17,3.01,827
0.47,E,SI1,65.2,59,4.75,4.82,3.12,828
0.47,E,SI1,67.9,56,4.84,4.65,3.24,829
0.46,H,VS2,65.6,58,4.8,4.84,3.16,830
0.41,G,VVS2,64.7,56,4.68,4.72,3.04,833
0.4,G,SI1,64.7,55,4.68,4.65,3.02,840
0.5,E,SI2,58,67,5.26,5.17,3.02,851
0.46,I,VS2,66.8,55,4.82,4.77,3.2,855
0.4,F,SI1,64.7,58,4.67,4.63,3.01,857
0.5,E,SI2,68.6,56,4.87,4.75,3.3,871
0.32,D,VVS1,62.4,61,4.38,4.44,2.75,875
0.58,F,I1,65.8,56,5.23,5.12,3.41,893
0.58,F,I1,66.3,55,5.18,5.1,3.41,893
0.59,G,I1,64.6,56,5.26,5.2,3.38,903
0.48,E,SI2,55.2,60,5.29,5.25,2.91,907
0.46,G,SI1,63.4,68,4.88,4.8,3.07,911
0.47,I,VS2,57.1,61,5.11,5.15,2.93,919
0.33,H,VVS2,65.1,59,4.4,4.32,2.84,922
0.45,F,VS2,67,56,4.77,4.7,3.17,923
0.5,F,SI2,65.8,57,4.97,4.83,3.23,938
0.3,E,VVS2,51,67,4.67,4.62,2.37,945
0.45,F,VS1,66.9,54,4.85,4.75,3.21,945
0.7,F,I1,63.9,59,5.64,5.5,3.57,945
0.5,E,SI2,64.7,57,4.98,4.88,3.19,945
0.5,J,VS1,66.8,57,4.89,4.84,3.25,949
0.45,E,VS2,65.8,58,4.81,4.74,3.14,951
0.7,G,I1,67.3,57,5.53,5.38,3.68,956
0.7,G,I1,67.3,59,5.51,5.45,3.69,956
0.7,G,I1,65.2,58,5.57,5.49,3.61,956
0.7,G,I1,64.3,62,5.59,5.49,3.57,956
0.7,G,I1,66.7,55,5.64,5.49,3.71,956
0.4,G,SI1,59.9,67,4.81,4.77,2.87,960
0.5,I,VS1,66.9,56,4.85,4.81,3.23,969
0.46,I,VS1,65.6,57,4.85,4.82,3.17,972
0.52,F,SI2,56.3,59,5.41,5.35,3.03,975
0.7,G,I1,68.3,56,5.52,5.4,3.73,978
0.45,E,VS2,66.9,60,4.78,4.71,3.18,980
0.46,F,VS2,66,58,4.9,4.76,3.19,982
0.43,H,SI1,62.7,66,4.78,4.72,2.98,984
0.46,F,SI1,66.3,56,4.86,4.79,3.2,984
0.7,F,I1,65.4,59,5.6,5.49,3.63,992
0.7,F,I1,70.8,56,5.38,5.33,3.79,992
0.7,F,I1,66.5,62,5.54,5.49,3.67,992
0.48,F,SI1,56.4,59,5.28,5.26,2.97,994
0.5,F,SI1,66.5,59,5.01,4.91,3.3,994
0.5,F,SI1,65.1,59,5.01,4.92,3.23,994
0.51,J,VS2,65.3,55,4.97,4.96,3.24,996
0.31,D,VVS2,54.2,65,4.61,4.58,2.49,997
0.7,G,I1,66.9,55,5.6,5.52,3.72,1001
0.46,G,VS2,65.3,56,4.83,4.76,3.13,1002
0.46,F,SI1,64.9,58,4.81,4.77,3.11,1003
0.35,F,VVS1,54.6,59,4.85,4.79,2.63,1011
0.35,D,VVS2,53.2,62,4.87,4.8,2.57,1011
0.34,E,VVS1,54,56,4.8,4.76,2.58,1012
0.25,F,SI2,54.4,64,4.3,4.23,2.32,1013
0.7,I,I1,66.3,63,5.58,5.43,3.66,1014
0.45,G,VS1,66.3,56,4.82,4.65,3.14,1027
0.52,J,VS2,65.3,56,5.05,5,3.28,1030
0.5,F,SI2,65.5,54,5.06,4.92,3.25,1031
0.5,F,SI2,65.5,54,5.06,4.92,3.25,1031
0.5,G,VS2,65.7,57,4.97,4.9,3.24,1031
0.6,E,SI2,66.5,56,5.31,5.21,3.5,1033
0.5,G,SI2,65.6,56,4.99,4.92,3.25,1035
0.46,G,VS1,58,66,5.08,5.03,2.93,1035
0.45,F,VS2,64.2,58,4.9,4.75,3.1,1037
0.34,F,VVS1,55.2,59,4.72,4.77,2.62,1040
0.73,I,I1,70.8,55,5.51,5.34,3.84,1049
0.39,E,VS2,65.4,57,4.61,4.54,2.99,1049
0.5,G,SI1,65,59,4.99,4.97,3.24,1050
0.51,F,SI1,65.6,54,5.07,5.02,3.31,1052
0.7,H,I1,66.5,57,5.51,5.4,3.64,1058
0.59,H,SI2,64.5,57,5.37,5.16,3.42,1059
0.7,J,I1,64.7,59,5.59,5.5,3.59,1066
0.4,E,VVS2,57.3,60,4.84,4.89,2.79,1069
0.7,G,I1,60.4,58,5.74,5.68,3.45,1069
0.7,G,I1,67.5,55,5.59,5.37,3.71,1069
0.7,G,I1,62.5,59,5.65,5.48,3.48,1069
0.5,F,SI1,64.7,60,4.99,4.84,3.18,1069
0.46,E,VS2,66.8,61,4.84,4.71,3.2,1070
0.51,G,SI1,65.2,55,5.04,5.02,3.28,1071
0.47,E,VS2,56.3,64,5.19,5.14,2.91,1075
0.5,H,SI1,62.3,60,5.09,5.06,3.16,1078
0.45,F,VS2,64.3,59,4.8,4.75,3.07,1080
0.47,G,SI1,58.4,60,5.16,5.12,3,1086
0.7,F,I1,66.2,59,5.59,5.4,3.65,1087
0.58,F,SI2,64.7,56,5.31,5.24,3.41,1088
0.41,D,VVS2,64.5,57,4.68,4.65,3.01,1089
0.7,G,I1,68.6,59,5.45,5.31,3.7,1092
0.5,H,SI1,64.9,54,5.01,4.98,3.24,1094
0.5,E,SI1,66.5,58,4.87,4.9,3.25,1098
0.62,J,SI1,65.4,59,5.39,5.28,3.49,1101
0.45,F,VS2,65.8,55,4.81,4.73,3.14,1102
0.5,G,SI1,67.1,59,4.96,4.84,3.29,1103
0.73,H,I1,66.2,56,5.62,5.46,3.69,1104
0.43,E,VS2,60.5,59,4.92,4.9,2.97,1107
0.51,D,SI2,66.5,58,4.95,4.89,3.27,1109
0.5,E,SI2,59.8,66,5.18,5.09,3.07,1114
0.54,F,SI1,61.4,66,5.24,5.18,3.2,1114
0.5,E,SI1,65.1,58,5.04,4.94,3.25,1114
0.7,G,I1,64.6,59,5.64,5.48,3.6,1115
0.5,H,VS2,62.4,69,5.07,4.99,3.14,1122
0.39,G,IF,57.1,61,4.83,4.88,2.77,1127
0.57,F,SI1,65.8,58,5.2,5.1,3.39,1133
0.7,F,I1,64.9,59,5.58,5.53,3.61,1134
0.5,H,VS1,67.1,58,4.94,4.89,3.3,1134
0.5,H,VS1,66.6,58,4.95,4.84,3.26,1134
0.5,E,SI1,65.3,58,4.99,4.91,3.23,1134
0.5,H,VS1,66.3,55,4.86,4.91,3.24,1136
0.7,G,I1,65.3,59,5.5,5.47,3.58,1138
0.7,H,I1,62.1,66,5.56,5.52,3.44,1138
0.76,H,I1,64.5,57,5.79,5.76,3.73,1140
0.5,E,SI2,65.2,57,4.96,4.91,3.22,1141
0.7,I,I1,68.6,57,5.46,5.34,3.71,1147
0.72,G,I1,65.1,57,5.65,5.55,3.65,1147
0.3,F,SI1,63.1,58,4.3,4.22,2.69,496
0.34,J,SI1,64.5,57,4.38,4.36,2.82,497
0.5,H,VS1,66.5,60,4.93,4.85,3.25,1155
0.5,F,SI2,61.1,67,5.07,5.04,3.09,1156
0.58,D,SI2,65.1,58,5.25,5.22,3.41,1156
0.7,F,I1,65.9,57,5.64,5.5,3.67,1158
0.73,F,I1,66.9,54,5.62,5.54,3.74,1158
0.51,G,SI1,64.5,56,5.06,5.01,3.25,1160
0.37,F,IF,52.3,61,4.96,4.91,2.58,1166
0.46,D,VS1,67.3,61,4.81,4.71,3.21,1166
0.61,J,VS2,58.2,56,5.74,5.49,3.27,1174
0.5,H,VS2,65.1,59,5.02,5.06,3.28,1175
0.73,I,I1,66.1,58,5.63,5.5,3.68,1175
0.56,F,SI1,61.6,61,5.38,5.21,3.26,1176
0.5,E,SI1,65,58,4.98,4.9,3.21,1176
0.5,F,SI1,64.7,57,4.99,4.94,3.21,1181
0.5,E,VS2,65,58,4.96,4.92,3.21,1188
0.51,F,SI1,65.2,57,5.03,5.09,3.3,1193
0.5,E,SI1,66.4,58,4.98,4.87,3.27,1196
0.6,G,SI1,65.7,55,5.31,5.23,3.46,1197
0.3,D,IF,60.5,57,4.47,4.35,2.67,1208
0.48,E,VS2,64.9,54,4.94,4.92,3.2,1215
0.5,F,VS2,64.9,58,4.99,4.9,3.21,1225
0.45,H,VVS2,65.8,56,4.82,4.7,3.13,1227
0.59,I,VS1,64.4,59,5.29,5.21,3.38,1229
0.8,E,I1,65.5,54,5.84,5.68,3.78,1232
0.51,H,VS1,55.5,64,5.44,5.4,3.01,1234
0.5,G,VS1,66.5,58,4.99,4.9,3.29,1234
0.63,H,SI2,64.7,61,5.33,5.27,3.43,1235
0.51,E,SI1,64.8,58,5.07,5.02,3.27,1237
0.5,G,VS2,65.1,56,5.02,4.99,3.26,1238
0.5,E,SI1,61.7,68,5.09,5.03,3.12,1238
0.5,D,SI1,64.6,61,5.05,4.95,3.23,1238
0.49,D,VS2,57.5,68,5.18,5.11,2.96,1249
0.85,H,I1,66.9,54,5.98,5.75,3.94,1250
0.5,D,SI1,64.6,59,4.93,4.95,3.19,1253
0.5,G,VS1,65.7,63,4.97,4.87,3.23,1257
0.5,G,VS1,67.6,56,5.02,4.89,3.35,1257
1.03,E,I1,78.2,54,5.72,5.59,4.42,1262
0.5,G,VS1,64.9,57,4.98,4.94,3.22,1271
0.7,E,I1,66.1,58,5.61,5.51,3.67,1273
0.85,H,I1,71.2,54,5.77,5.65,4.07,1274
0.5,F,VS2,55.8,60,5.31,5.27,2.95,1279
0.5,G,VS1,67,61,4.97,4.91,3.31,1280
0.53,E,SI1,56.2,64,5.43,5.41,3.05,1286
0.56,H,VS2,52.7,70,5.71,5.57,2.97,1293
0.51,D,SI1,65.2,55,5.05,5.01,3.28,1304
0.6,G,SI1,64.5,56,5.27,5.24,3.39,1305
0.5,F,VS2,64.6,58,5.01,4.99,3.23,1323
0.5,D,SI1,65.1,58,5,4.96,3.24,1323
0.5,D,SI1,64.6,58,5,4.97,3.22,1323
0.5,D,SI1,65.7,56,5.01,4.97,3.28,1323
0.85,H,I1,61,61,6.2,6,3.73,1324
0.85,H,I1,66.7,59,5.86,5.78,3.88,1324
0.5,G,VS1,60.3,66,5.13,5.09,3.08,1327
0.5,H,VS2,56.3,65,5.24,5.21,2.94,1332
0.51,F,VS2,61,66,5.12,5.04,3.1,1334
0.85,J,I1,65.5,59,5.95,5.82,3.86,1334
0.89,H,I1,58.8,66,6.21,6.09,3.62,1334
0.51,E,SI1,55.8,61,5.43,5.35,3.01,1340
0.5,F,VS1,62.9,68,5.02,4.96,3.14,1348
0.5,G,VS1,65.8,57,5.03,4.91,3.27,1350
0.56,E,SI1,64.5,61,5.22,5.09,3.33,1358
0.71,J,SI2,66.1,58,5.53,5.43,3.62,1362
0.53,E,SI1,64.5,53,5.16,5.15,3.33,1363
0.5,G,VS1,66.8,56,4.85,4.91,3.26,1367
0.6,F,SI1,55.3,63,5.67,5.61,3.12,1367
0.48,G,VVS2,65,54,4.95,4.9,3.2,1367
0.5,G,VS1,65.9,57,5,4.87,3.25,1373
0.57,E,SI1,64.6,59,5.22,5.18,3.36,1383
0.56,E,SI2,64.5,61,5.18,5.14,3.33,1389
0.5,E,VS2,66.3,55,4.98,4.94,3.29,1397
0.5,E,VS2,64.9,56,5.01,4.95,3.23,1397
0.5,E,VS2,65.4,57,5.01,4.81,3.21,1397
0.52,I,VVS2,60.4,66,5.26,5.2,3.16,1401
0.53,F,VS2,65.5,58,5.09,5.03,3.31,1402
0.71,J,SI2,65.5,61,5.54,5.49,3.61,1409
0.62,D,SI2,64.6,57,5.39,5.33,3.46,1410
0.64,I,VS2,55.3,69,5.85,5.69,3.19,1411
0.35,G,VS2,65.9,54,5.57,5.53,3.66,1415
0.35,G,VS2,65.9,54,5.57,5.53,3.66,1415
0.7,G,SI2,69.3,60,5.41,5.35,3.72,1420
0.58,G,VS2,65,56,5.23,5.17,3.38,1430
0.5,D,VS2,66.9,57,4.95,4.83,3.27,1431
0.5,D,VS2,63.7,57,5.05,4.9,3.17,1431
0.62,E,SI2,58.2,60,5.7,5.51,3.26,1435
0.71,J,VS2,64.9,54,5.63,5.53,3.62,1435
0.67,I,VS2,57.2,70,5.82,5.75,3.31,1436
0.61,I,VS2,57.4,60.9,5.6,5.65,3.23,1437
0.37,D,IF,61.2,57,4.68,4.73,2.88,1440
0.5,F,VS1,56.4,62,5.31,5.22,2.97,1446
0.97,G,I1,57.2,60,6.59,6.36,3.72,1547
0.7,F,SI2,66.4,56,5.51,5.42,3.63,1564
0.91,F,I1,67,62,5.97,5.89,3.98,1570
0.5,F,VS1,65,55,5.01,4.96,3.24,1577
0.51,F,VS2,56.3,61,5.34,5.29,2.99,1602
0.7,I,SI2,65.9,58,5.46,5.5,3.61,1625
0.73,F,SI2,64.7,56,5.6,5.53,3.6,1631
0.68,G,SI1,58,71,5.85,5.7,3.35,1633
0.96,H,I1,61.5,63,6.22,6.06,3.78,1637
0.62,F,SI1,55.1,66,5.85,5.7,3.18,1641
0.58,E,SI1,64.4,57,5.26,5.24,3.38,1641
0.67,F,SI1,56,67,5.81,5.78,3.25,1642
0.77,D,SI2,65.1,63,5.71,5.65,3.7,1651
0.85,G,I1,62.7,60,6.05,5.96,3.77,1651
0.65,I,VS2,65.1,55.6,5.44,5.5,3.56,1659
0.5,G,VVS2,66.1,62,4.92,4.88,3.24,1659
0.51,D,VS2,64.4,54,5.06,5.03,3.25,1668
0.7,J,VS2,64.6,58,5.58,5.56,3.6,1672
0.81,H,SI2,66.2,58,5.78,5.74,3.81,1687
0.71,G,SI2,65.6,56,5.54,5.49,3.63,1691
0.69,G,SI2,65.4,63,5.49,5.43,3.57,1691
0.7,J,VVS1,67.6,54,5.56,5.41,3.71,1691
0.69,I,VS1,57.9,63,5.73,5.77,3.33,1692
0.7,D,SI2,71.6,55,5.47,5.28,3.85,1696
0.7,I,SI1,65.8,57,5.46,5.55,3.62,1697
0.58,G,VS1,64.7,60,5.23,5.28,3.41,1701
0.49,E,VVS2,65.5,58,4.91,4.86,3.2,1705
0.96,H,I1,61.1,60,6.26,6.07,3.77,1705
0.96,H,I1,66.9,60,6.15,6.04,4.09,1705
0.51,E,VS2,65.5,51,5.06,5.01,3.3,1709
0.98,G,I1,69.7,58,6.08,5.98,4.21,1712
0.5,G,VVS2,64.9,58,5,4.95,3.23,1712
0.8,G,I1,64.5,57,5.86,5.83,3.77,1715
0.32,F,VS2,59.6,60,4.42,4.34,2.61,1715
0.7,I,SI1,65,56,5.6,5.5,3.61,1720
0.7,J,SI1,63,57,5.55,5.6,3.51,1723
0.7,E,SI2,58.7,68,5.77,5.72,3.37,1723
0.64,E,SI1,59.5,64,5.65,5.39,3.31,1733
0.56,E,VS2,64.7,60,5.13,5.14,3.32,1737
0.96,H,I1,64.3,59,6.38,5.88,3.98,1739
0.96,H,I1,69.2,56,5.97,5.83,4.08,1739
0.7,I,SI1,65.2,58,5.6,5.56,3.64,1749
0.98,G,I1,68,63,6.13,6.02,4.13,1749
0.9,H,I1,66.9,63,6.04,5.91,4,1758
0.63,H,VS1,57.3,62.5,5.65,5.7,3.25,1760
0.72,J,SI2,66.1,55,5.51,5.56,3.66,1762
0.7,D,SI2,67.8,58,5.51,5.44,3.71,1770
0.96,H,I1,68.9,59,6.09,5.96,4.15,1773
0.29,F,SI1,55.8,60,4.48,4.41,2.48,1776
0.53,E,VS1,62.3,67,5.22,5.11,3.22,1778
0.52,F,VS1,57.2,59,5.35,5.39,3.07,1784
1,J,I1,65,59,6.27,6.17,4.05,1784
0.9,I,I1,67.2,60,5.96,5.88,3.98,1786
0.97,F,I1,68.5,54,6.26,6.05,4.22,1787
0.57,F,VS1,64.5,61,5.23,5.19,3.36,1788
0.99,J,I1,73.6,60,6.01,5.8,4.35,1789
0.5,G,VVS2,62.9,67,5.02,4.96,3.14,1791
0.5,D,VVS1,65.9,64,4.92,5.03,3.28,1792
0.7,F,SI2,64.8,57,5.65,5.59,3.64,1792
0.72,H,SI2,66,60,5.58,5.51,3.66,1799
0.72,I,SI1,64.8,54,5.69,5.67,3.68,1799
0.73,J,VS1,64.6,60,5.68,5.59,3.64,1802
0.7,H,SI1,65,59,5.54,5.5,3.59,1803
1,I,I1,68.6,56,6.2,6.08,4.22,1805
0.7,D,SI2,65.5,57,5.56,5.43,3.6,1806
0.7,H,SI1,64.8,57,5.49,5.59,3.59,1808
0.96,H,I1,60.1,62,6.21,6,3.68,1808
0.96,H,I1,67.4,62,6.13,5.96,4.08,1808
0.7,H,VS1,67.2,55,5.48,5.54,3.7,1811
0.7,I,VS2,66.1,56,5.53,5.48,3.64,1814
0.56,F,VS2,57,67,5.49,5.36,3.09,1814
0.37,F,SI1,65.3,56,4.53,4.47,2.94,527
0.71,J,VS2,64.4,56,5.64,5.6,3.62,1826
0.75,J,SI1,55,66,6.2,6.04,3.37,1827
0.71,H,SI1,65.9,57,5.54,5.48,3.63,1828
0.7,E,SI2,70.6,56,5.45,5.35,3.81,1828
0.71,H,VS2,62.1,70,5.67,5.6,3.5,1832
0.7,H,SI1,66,56,5.5,5.53,3.64,1840
0.71,I,VS2,61.6,67,5.76,5.61,3.5,1840
0.7,I,SI1,62,67,5.54,5.5,3.42,1848
0.52,G,IF,65.5,55,4.98,5.06,3.29,1849
0.7,H,SI1,65.5,57,5.59,5.55,3.65,1865
0.7,H,SI1,65.3,55,5.58,5.54,3.63,1865
0.74,E,I1,58.2,65,6.03,5.89,3.47,1865
0.75,J,VS1,61.9,67,5.8,5.7,3.56,1869
0.65,F,VS2,58.3,64,5.7,5.62,3.3,1881
0.5,E,VS1,55.3,65,5.35,5.31,2.95,1890
0.73,I,SI2,61.3,67,5.77,5.64,3.51,1892
0.7,D,SI1,52.2,65,6.04,5.99,3.14,1895
0.7,J,VS2,67.4,58,5.34,5.37,3.61,1896
0.99,J,I1,62.9,58,6.33,6.1,3.91,1901
0.57,F,VVS2,65.2,56.2,5.19,5.23,3.4,1902
0.7,G,SI1,68.4,58,5.59,5.55,3.61,1915
0.96,F,I1,62.9,66,6.29,6.07,3.91,1917
0.7,F,SI2,58.2,66,5.77,5.74,3.35,1920
0.98,G,I1,58.7,57,6.54,6.43,3.8,1932
0.98,G,I1,67.3,60,6.17,6.11,4.14,1932
0.9,G,I1,65.1,58,6.05,5.99,3.92,1939
0.54,F,SI1,64.8,59,5.11,5.05,3.29,1944
0.75,J,VS2,59.1,66,5.99,5.82,3.49,1944
0.7,F,SI2,64.6,57,5.6,5.57,3.61,1947
0.7,G,SI1,66,53,5.53,5.47,3.63,1949
0.5,E,VS1,56.1,64,5.31,5.28,2.97,1950
0.63,E,SI1,64.6,57.7,5.36,5.41,3.47,1952
1,G,I1,67.3,57,6.26,6.12,4.18,1954
0.77,J,SI1,60.2,66,5.97,5.81,3.55,1956
0.74,H,SI2,62,53,5.85,5.74,3.6,1962
0.7,F,SI1,65.3,54,5.58,5.54,3.63,1974
0.5,D,VVS2,67.6,57,4.95,4.84,3.31,1980
0.7,H,VS2,57,58,5.87,5.89,3.35,1981
0.7,H,VS2,64.9,56,5.49,5.51,3.57,1981
0.74,J,VS1,58.8,68,5.91,5.8,3.44,1982
0.7,G,SI1,65,59,5.57,5.5,3.6,1982
0.7,F,SI2,57.1,64,5.81,5.86,3.33,1990
0.71,G,SI2,65.6,61,5.46,5.37,3.55,1994
0.7,H,SI1,61,66,5.68,5.64,3.45,1995
0.7,G,SI1,61.6,66,5.62,5.57,3.45,1995
0.7,I,VS2,64.4,55,5.6,5.55,3.59,1996
1,I,I1,66.9,57,6.15,6.03,4.09,1997
0.7,E,SI2,64.4,58,5.58,5.51,3.57,1998
0.7,E,SI2,65.3,56,5.57,5.54,3.63,1998
0.7,G,SI2,61.5,66,5.55,5.6,3.43,1999
0.7,E,SI1,57.2,66,5.76,5.74,3.29,2000
0.3,D,SI2,64.6,54,4.29,4.25,2.76,536
0.71,E,SI2,64.8,63,5.63,5.51,3.61,2002
0.77,J,VS1,61.2,66,5.92,5.83,3.6,2005
0.63,E,VS2,65.7,60,5.41,5.31,3.52,2011
0.7,G,SI1,64.8,59,5.65,5.56,3.63,2016
0.81,F,SI2,65.7,57,5.8,5.75,3.79,2031
0.73,G,SI1,65.5,56,5.68,5.62,3.7,2032
0.7,F,SI2,64.9,58,5.46,5.59,3.59,2035
1,I,I1,64.5,58,6.33,6.1,4.01,2035
1.01,E,I1,64.5,54,6.31,6.22,4.03,2036
1.04,I,I1,67.3,56,6.34,6.23,4.22,2037
0.71,G,SI1,65,58,5.57,5.53,3.61,2045
0.7,H,SI1,65.5,57,5.53,5.59,3.64,2048
0.7,H,SI1,65.2,58,5.49,5.55,3.6,2048
0.71,H,SI1,65.1,55,5.69,5.65,3.69,2049
0.73,G,SI2,64.7,60,5.68,5.64,3.66,2050
0.7,H,SI1,64.7,58,5.59,5.54,3.6,2051
0.71,G,SI2,64.8,58,5.6,5.57,3.62,2055
0.74,G,SI1,64.8,59,5.63,5.6,3.64,2060
0.64,F,VS2,57,62.5,5.67,5.78,3.26,2063
0.96,G,I1,64.5,60,6.16,6.11,3.96,2068
0.74,E,SI1,66,56,5.6,5.67,3.72,2069
0.69,G,VS1,57.8,66,5.9,5.84,3.39,2070
0.7,F,SI2,65.3,55,5.6,5.49,3.62,2075
0.52,E,VVS2,57.2,64,5.27,5.36,3.04,2079
0.62,F,VS1,60,64,5.69,5.48,3.36,2083
0.71,D,SI1,55.5,62,6,5.97,3.32,2086
0.71,F,SI1,62.6,57,5.73,5.68,3.57,2088
0.62,F,VVS2,57.1,60,5.65,5.7,3.24,2088
0.7,E,SI2,64.6,53,5.58,5.63,3.62,2092
0.7,D,SI1,66,56,5.45,5.52,3.62,2093
0.7,H,VS1,62,73,5.65,5.54,3.47,2100
0.75,F,SI2,65.1,57,5.7,5.66,3.7,2102
0.71,F,SI2,65.2,55.5,5.52,5.58,3.62,2103
0.71,I,VS1,64.5,56,5.61,5.56,3.6,2104
0.71,H,SI1,65.1,56,5.63,5.55,3.64,2112
1,I,I1,65.4,57,6.28,6.2,4.08,2112
0.7,I,VS2,64.7,60,5.55,5.49,3.57,2117
0.7,G,SI2,65.2,56,5.63,5.54,3.64,2117
1,J,SI2,69.9,61,6.13,5.86,4.23,2117
0.7,I,VVS2,64.7,55,5.62,5.51,3.6,2117
0.7,G,SI1,56.6,61,5.86,5.95,3.34,2120
0.7,F,SI1,66,56,5.59,5.56,3.68,2121
0.72,E,SI2,68.4,64,5.38,5.32,3.66,2125
0.7,E,SI1,65.1,56,5.49,5.41,3.55,2125
0.91,I,SI2,65,58,6.05,6.02,3.92,2129
0.72,I,VVS2,65.7,57,5.56,5.64,3.68,2131
0.83,H,SI2,65.1,59,5.84,5.81,3.79,2133
1.04,F,I1,65.4,60,6.39,6.3,4.15,2134
0.9,E,I1,59.9,66,6.18,6.14,3.69,2138
0.9,H,SI2,64.4,59,6.03,5.99,3.87,2138
0.52,F,IF,64.6,58,5.04,5.17,3.3,2144
0.73,D,SI2,65.5,60,5.64,5.54,3.66,2147
0.71,F,SI1,57,62,5.84,5.87,3.34,2149
0.7,G,SI1,63.1,57,5.64,5.58,3.54,2150
0.71,D,SI1,64.6,60,5.55,5.6,3.6,2151
0.7,H,VS1,64.9,56,5.68,5.56,3.65,2152
0.34,F,I1,55.8,62,4.72,4.6,2.6,2160
0.73,F,SI2,59.2,64,5.92,5.83,3.48,2164
0.73,F,SI2,53.4,65,6.19,6.15,3.3,2164
0.7,D,SI2,65.6,55,5.59,5.5,3.64,2167
0.7,F,SI1,65.9,59,5.53,5.49,3.63,2167
0.7,F,SI1,64.8,60,5.57,5.54,3.6,2167
0.7,D,SI2,64.5,60,5.53,5.47,3.55,2167
0.84,D,SI2,64.5,60,5.92,5.84,3.79,2167
0.6,G,VVS2,57.9,67,5.66,5.47,3.23,2167
0.7,H,SI1,64.5,59,5.54,5.51,3.56,2176
0.77,I,VS1,65.1,57,5.65,5.77,3.72,2184
0.58,E,VS1,57.9,56,5.52,5.49,3.19,2192
0.76,H,SI1,65.5,59,5.75,5.66,3.74,2193
0.74,H,VS1,66.3,63,5.63,5.5,3.69,2193
0.71,D,SI2,64.6,60,5.62,5.59,3.62,2198
0.71,F,SI1,57,68,6.05,5.87,3.4,2198
0.72,H,SI2,65.9,57,5.6,5.54,3.67,2203
0.71,I,VS2,64.7,60,5.54,5.46,3.56,2208
0.7,G,SI2,58.6,56,5.8,5.74,3.38,2208
0.47,D,IF,60.6,60,5.09,4.98,3.05,2211
0.7,I,VS1,60.2,66,5.77,5.62,3.44,2234
0.69,G,VS1,61.2,65.4,5.58,5.64,3.42,2235
1.06,I,I1,64.5,57,6.47,6.33,4.13,2239
0.7,E,SI1,66.7,59,5.49,5.45,3.65,2241
0.8,G,SI2,61.2,58,5.96,5.93,3.64,2246
0.7,G,VS1,68.5,58,5.47,5.34,3.7,2250
0.7,H,VS2,65,56,5.6,5.5,3.61,2268
0.7,G,VS2,57.3,63,5.78,5.84,3.33,2273
0.71,G,VS2,65.7,56,5.51,5.54,3.63,2274
0.73,H,VS2,65.9,55,5.68,5.64,3.74,2278
1,F,I1,68,57,6.14,6.05,4.15,2280
0.92,H,SI2,66.1,57,6.22,6,4.05,2283
1.01,G,I1,64.5,56,6.32,6.26,4.06,2287
0.7,G,VS1,65.2,57,5.56,5.52,3.61,2290
0.77,I,VVS2,59.2,66,5.96,5.9,3.51,2292
1.05,H,I1,61.8,57,6.51,6.4,3.99,2293
0.81,I,VS1,66.5,53,5.76,5.83,3.86,2297
0.71,G,SI1,65.5,55,5.59,5.56,3.65,2300
0.71,G,SI2,64.4,58,5.59,5.56,3.59,2300
0.81,F,SI2,68.8,79,5.26,5.2,3.58,2301
0.96,J,I1,59.5,60,6.28,6.23,3.72,2304
0.72,G,VS2,64.6,55,5.66,5.71,3.67,2306
0.9,G,I1,66,58,5.96,5.88,3.91,2310
0.78,F,SI2,64.6,53,5.83,5.78,3.75,2312
0.73,E,SI1,64.6,59,5.69,5.64,3.66,2317
0.8,G,SI2,64.6,55,5.86,5.75,3.75,2318
0.71,I,VS1,57.1,57,5.87,5.9,3.36,2318
0.7,E,SI1,65.2,58,5.57,5.54,3.62,2318
0.7,D,SI1,64.6,57,5.6,5.57,3.61,2318
0.95,J,I1,64.9,56,6.17,6.12,3.99,2322
1,G,SI2,70.2,58,6,5.73,4.13,2326
0.71,F,SI2,60.1,68,5.8,5.72,3.46,2327
0.76,H,SI1,61.9,70,5.84,5.77,3.59,2328
0.73,I,VS1,55.9,66,6.11,6.01,3.39,2330
0.89,I,VS1,68.2,65,5.82,5.74,3.94,2334
1.17,I,I1,64.5,59,6.67,6.47,4.25,2336
0.97,F,SI2,67.2,61,6.09,6,4.06,2338
0.7,G,VS2,65.3,57,5.58,5.47,3.61,2338
0.82,G,SI1,66.4,54,5.87,5.82,3.88,2339
0.7,D,SI1,66.5,55,5.51,5.47,3.65,2339
1.01,I,I1,56.1,63,6.7,6.65,3.74,2342
0.62,E,VS1,58.8,67,5.66,5.57,3.29,2344
0.73,I,VVS2,64.4,59,5.65,5.62,3.63,2351
0.7,H,VS2,67.8,56,5.42,5.38,3.66,2351
0.71,E,SI1,64.7,59,5.61,5.58,3.62,2352
0.71,D,SI1,65.1,59,5.59,5.56,3.63,2352
0.7,G,SI1,61.7,66,5.7,5.58,3.48,2352
0.7,D,SI1,64.9,64,5.57,5.5,3.59,2352
0.7,E,VS2,65.6,61,5.62,5.47,3.64,2352
0.97,I,I1,67.3,55,6.08,6.02,4.07,2357
0.7,D,SI2,58.1,60,5.79,5.82,3.37,2358
0.82,H,SI2,65.1,58,5.86,5.81,3.8,2358
0.84,I,VS2,65.1,57,5.91,5.85,3.83,2359
0.78,G,SI1,64.6,56,5.86,5.79,3.76,2359
0.79,G,SI1,65.3,76,5.52,5.13,3.35,2362
0.75,F,SI1,64.5,60,5.65,5.54,3.61,2363
0.72,D,SI1,65.6,60,5.62,5.54,3.66,2364
0.71,D,VS2,55.6,73,6.01,5.96,3.33,2368
0.7,F,VS2,65.5,57,5.55,5.41,3.59,2369
0.71,D,SI1,66.3,56,5.61,5.49,3.68,2372
1.07,G,I1,64.8,56,6.53,6.43,4.2,2375
0.9,H,SI2,66,63,5.89,5.79,3.86,2376
0.75,D,SI1,65.1,57,5.64,5.6,3.66,2376
1.2,I,I1,66.7,57,6.57,6.05,4.37,2376
1.2,I,I1,65.1,55,6.65,6.59,4.31,2376
1.2,G,I1,66.6,57,6.57,6.5,4.34,2376
0.9,G,SI2,65.4,57,6.01,5.97,3.98,2376
0.7,F,VS1,64.5,57,5.65,5.58,3.62,2381
0.7,F,VS1,67.8,60,5.5,5.39,3.69,2381
0.7,F,VS1,65.8,59,5.58,5.48,3.64,2381
0.7,G,VS1,56.2,65,5.93,5.88,3.32,2384
0.7,G,VS1,65.8,61,5.61,5.46,3.64,2384
0.7,G,VS1,65.6,60,5.57,5.5,3.63,2384
0.83,G,SI2,64.4,57,5.93,5.86,3.8,2386
0.91,J,SI1,66.3,56,5.92,5.99,3.95,2390
0.7,F,SI2,65.1,52,5.64,5.57,3.65,2394
0.7,H,VS1,59.6,66,5.8,5.74,3.44,2395
1.05,I,I1,61.8,66,6.48,6.37,3.97,2396
1.21,I,I1,65,58,6.65,6.59,4.3,2396
0.72,G,VS1,66.4,57,5.6,5.51,3.69,2396
1,G,I1,64.9,56,6.2,6.14,4.01,2398
0.7,F,VS1,55.9,62,5.94,5.83,3.29,2399
0.8,G,SI2,67.1,56,5.76,5.73,3.85,2400
0.78,G,SI2,64.9,55.2,5.75,5.82,3.76,2401
0.73,G,VS2,60.1,65,5.91,5.81,3.52,2401
0.71,H,VS1,66.4,62,5.54,5.49,3.66,2401
0.81,I,VS2,64.6,59,5.83,5.78,3.75,2414
0.72,D,VS2,65.4,56,5.68,5.6,3.69,2414
0.7,H,VS1,65.8,56,5.54,5.49,3.63,2415
0.9,I,SI2,67.7,61,6.04,5.86,4.03,2422
0.56,E,VVS2,57.3,60,5.5,5.57,3.17,2426
0.7,E,VS2,65.7,55,5.45,5.51,3.6,2437
0.9,J,SI1,64.6,61,5.92,5.87,3.81,2438
0.96,G,SI2,72.2,56,6.01,5.81,4.28,2438
0.59,F,VS2,64.4,56,5.31,5.28,3.41,2443
0.71,F,SI1,59.8,70,5.89,5.72,3.48,2458
0.7,G,VS2,64.9,57,5.55,5.54,3.6,2479
0.6,F,VVS2,60.1,66,5.48,5.44,3.28,2484
0.91,D,I1,66.2,57,6,5.94,3.95,2491
0.85,I,SI1,65.8,65,5.88,5.79,3.84,2493
0.72,E,SI1,56.9,61,5.91,5.97,3.38,2498
0.7,H,VVS2,65.8,58,5.49,5.42,3.59,2500
0.82,F,SI2,56.7,70,6.28,6.16,3.53,2508
1.3,H,I1,64.4,57,6.93,6.86,4.44,2512
0.7,F,VS2,66.4,53,5.51,5.49,3.65,2516
0.96,J,SI1,67.3,56,6.06,6.01,4.06,2517
0.76,D,SI2,55.5,69,6.16,6.07,3.39,2518
1,H,SI2,67.8,53,6.08,6.02,4.1,2530
0.9,F,SI2,69,59,5.89,5.82,4.04,2536
0.9,J,SI2,66.6,54,6.05,5.99,4.01,2536
0.9,I,SI2,65.3,57,5.98,5.93,3.89,2536
0.97,J,SI2,60.8,67,6.41,6.32,3.87,2538
0.73,D,SI1,64.5,56,5.7,5.65,3.66,2539
0.96,G,SI2,66.8,61,6.15,6.04,4.07,2539
0.96,I,SI2,66.3,58,6.07,5.9,3.97,2540
0.88,I,VS2,57.4,67,6.49,6.36,3.69,2550
0.7,D,SI1,66.2,57,5.56,5.41,3.63,2550
0.7,G,VS1,57.1,62,5.89,5.94,3.38,2553
0.74,H,VS2,66.1,61,5.6,5.57,3.69,2553
0.7,D,VS2,65.2,59,5.58,5.55,3.63,2560
1.3,E,I1,66.5,58,6.79,6.75,4.5,2571
0.7,G,VS2,66.5,57,5.4,5.46,3.61,2575
0.83,I,VS2,64.9,58,5.9,5.84,3.81,2577
0.5,E,VS2,79,73,5.21,5.18,4.09,2579
0.5,E,VS2,79,73,5.21,5.18,4.09,2579
0.89,G,SI2,58.9,66,6.26,6.16,3.66,2579
0.77,H,VS1,64.6,56.4,5.78,5.84,3.75,2594
0.7,G,VVS2,64.5,61,5.43,5.52,3.53,2595
1.29,H,I1,67.7,62,6.69,6.59,4.5,2596
0.71,D,VS2,64.4,56,5.63,5.58,3.61,2596
0.74,F,VS2,64.6,55,5.74,5.66,3.68,2596
0.7,E,SI2,65,54,5.56,5.52,3.6,2600
0.72,H,VVS2,56.5,68,6.03,5.89,3.37,2608
0.74,E,SI2,66.7,62,5.49,5.43,3.64,2617
1.2,F,I1,65.7,56,6.65,6.58,4.35,2622
0.71,G,VS2,57,66,5.83,5.81,3.32,2623
0.9,E,SI2,64.4,58,6.07,6.01,3.89,2639
0.75,F,VS2,65.4,58,5.63,5.68,3.7,2648
1.2,G,I1,64.4,55,6.77,6.61,4.31,2655
0.7,G,VS2,64.4,56,5.64,5.57,3.61,2657
0.9,I,VS2,65.8,55,6.05,6.01,3.97,2666
0.96,H,SI2,67.6,63,5.99,5.84,4.01,2672
1.01,J,SI2,66.9,58,6.13,6.07,4.08,2683
0.71,G,VS1,65.5,55,5.62,5.53,3.65,2686
0.8,H,VS2,65.3,58,5.78,5.73,3.76,2686
0.72,E,VS2,64.4,59,5.67,5.64,3.64,2691
0.72,F,SI1,64.8,55,5.64,5.6,3.64,2691
0.9,G,SI1,72.9,54,5.74,5.67,4.16,2691
0.78,H,VS2,54.7,67,6.25,6.15,3.4,2691
0.7,E,VS2,60.6,64,5.77,5.62,3.45,2697
0.7,E,SI1,64.4,53,5.61,5.57,3.6,2697
0.76,H,VVS2,64.8,57,5.67,5.81,3.71,2699
0.75,F,SI1,64.6,57,5.7,5.67,3.67,2700
0.71,F,VS1,57.3,67,5.96,5.76,3.36,2707
0.7,G,VVS2,65.3,61,5.58,5.48,3.61,2710
0.7,H,VVS2,64.5,65,5.52,5.45,3.54,2717
1.05,H,SI2,64.8,55,6.39,6.32,4.12,2717
0.78,E,SI2,66.9,57,5.7,5.66,3.6,2721
1,G,I1,61.7,57,6.39,6.28,3.91,2723
0.84,G,VS1,55.6,64,6.42,6.32,3.54,2724
0.72,F,VS2,55.4,64,6.06,5.97,3.34,2724
0.9,I,VS1,68.7,62,5.83,5.79,3.99,2732
1,I,SI2,66.8,56,6.22,6.12,4.13,2743
1.04,G,SI2,65.2,57,6.25,6.23,4.07,2745
0.71,D,VS1,65.4,59,5.62,5.58,3.66,2747
